Stations_id;von_datum;bis_datum;Stations;hoehe geoBreite;geoLaenge ;Stationsname;Bundesland
1;19310101;19860630;478;478.413;88.493;Aach;Baden-Württemberg
3;18510101;20110331;202;507.827;60.941;Aachen;Nordrhein-Westfalen
44;19710301;20221231;44;529.336;82.370;Großenkneten;Niedersachsen
52;19730101;20011231;46;536.623;101.990;Ahrensburg-Wulfsdorf;Schleswig-Holstein
61;19750701;19780831;339;488.443;126.171;Aiterhofen;Bayern
70;19730601;19860930;712;482.052;90.371;Albstadt-Ebingen;Baden-Württemberg
71;19861101;20191231;759;482.156;89.784;Albstadt-Badkap;Baden-Württemberg
72;19781001;19950531;794;482.766;90.001;Albstadt-Onstmettingen;Baden-Württemberg
73;19530101;20221231;340;486.159;130.506;Aldersbach-Kriestorf;Bayern
78;19610101;20221231;64;524.853;79.125;Alfhausen;Niedersachsen
91;19781101;20221231;300;507.446;93.450;Alsfeld-Eifa;Hessen
93;19771201;19781031;269;507.691;92.542;Alsfeld-Reibertenrod;Hessen
96;20190409;20230501;50;529.437;128.518;Neuruppin-Alt Ruppin;Brandenburg
98;18870101;19541231;780;511.890;84.671;Altastenberg;Nordrhein-Westfalen
102;19980101;20221231;0;538.633;81.275;Leuchtturm Alte Weser;Niedersachsen
106;19730101;19960229;500;517.976;104.429;Altenau;Niedersachsen
116;18990601;19730531;213;509.833;124.333;Altenburg;Thüringen
125;20190101;20221231;742;478.342;108.667;Altenstadt;Bayern
129;19910101;20061231;28;536.893;132.420;Altentreptow;Mecklenburg-Vorpommern
131;20041101;20221231;296;510.881;129.326;Geringswalde-Altgeringswalde;Sachsen
132;19531211;19870930;750;497.725;123.891;Altglashütte;Bayern
142;19550101;20221231;511;484.060;113.117;Altomünster-Maisbrunn;Bayern
150;19010101;20221231;215;497.273;81.164;Alzey;Rheinland-Pfalz
151;18810101;20221231;382;494.691;118.546;Amberg-Unterammersricht;Bayern
154;19940101;20221231;516;480.197;122.925;Amerang-Pfaffing;Bayern
161;20110901;20221231;75;504.237;74.202;Andernach;Rheinland-Pfalz
164;19080517;20221231;54;530.316;139.908;Angermünde;Brandenburg
167;19400101;20221231;11;538.409;136.854;Anklam;Mecklenburg-Vorpommern
169;18810101;19661231;630;505.730;130.053;Annaberg-Buchholz;Sachsen
172;19690501;19911130;395;522.486;95.056;Annaturm;Niedersachsen
174;19840301;19871231;250;491.886;79.766;Annweiler-Bindersbach;Rheinland-Pfalz
175;18810101;19760430;413;492.964;105.751;Ansbach;Bayern
176;19760601;19951130;481;492.475;105.826;Ansbach-Claffheim;Bayern
177;19400101;19571031;418;493.158;105.815;Ansbach-Hennenbach;Bayern
183;19360101;20221231;42;546.791;134.344;Arkona;Mecklenburg-Vorpommern
184;19470101;19660630;55;526.769;120.077;Arneburg;Sachsen-Anhalt
185;18810101;19571231;3;546.289;99.294;Arnis;Schleswig-Holstein
186;18670101;19980930;218;513.773;80.713;Arnsberg;Nordrhein-Westfalen
191;18840101;20221231;217;499.694;99.114;Arnstein-Müdesheim;Bayern
193;19390101;19971031;232;513.845;90.820;Arolsen-Neu Berich;Hessen
198;19540101;20221231;164;513.744;112.920;Artern;Thüringen
202;18810101;19511231;111;499.771;91.091;Aschaffenburg;Bayern
207;19470101;19641231;105;517.498;114.667;Aschersleben;Sachsen-Anhalt
211;19810901;19991231;200;505.800;84.685;Aßlar Klein-Altenstädten;Hessen
217;19380101;20221231;670;478.774;113.643;Attenkam;Bayern
221;19850801;19900531;483;485.515;117.117;Au i.d.Hallertau-Günzenhausen;Bayern
222;18810101;20221231;393;505.908;127.139;Aue;Sachsen
231;18790101;19740430;490;483.723;108.948;Augsburg (Sankt Stephan);Bayern
232;19470101;20221231;462;484.253;109.417;Augsburg;Bayern
243;18880101;20061231;4;534.621;74.670;Aurich;Niedersachsen
257;18810101;20221231;240;487.270;82.457;Baden-Baden-Geroldsau;Baden-Württemberg
259;18810101;20221231;275;478.064;76.387;Müllheim;Baden-Württemberg
268;19540101;19961231;622;485.293;82.727;Baiersbronn-Obertal;Baden-Württemberg
273;19861201;19900430;467;478.413;96.606;Baindt;Baden-Württemberg
282;19490101;20221231;240;498.743;109.206;Bamberg;Bayern
283;18810101;19591231;382;498.808;108.695;Bamberg-Altenburg;Bayern
284;18790101;19581231;282;498.800;108.800;Bamberg (Sternwarte);Bayern
288;19910101;19980831;3;538.409;137.549;Bargischow-Gnevezin;Mecklenburg-Vorpommern
294;19920201;20221231;110;523.199;94.300;Barsinghausen-Hohenbostel;Niedersachsen
298;19380101;20221231;3;543.405;127.108;Barth;Mecklenburg-Vorpommern
303;19980101;20221231;55;520.613;134.997;Baruth;Brandenburg
314;18810101;20221231;234;511.604;145.042;Kubschütz, Kr. Bautzen;Sachsen
320;18510101;20221231;350;499.666;115.198;Heinersreuth-Vollhof;Bayern
321;19790101;19951031;789;476.797;120.017;Bayrischzell;Bayern
326;20040701;20130707;120;517.204;80.577;Beckum-Unterberg;Nordrhein-Westfalen
327;19620901;19961031;27;536.234;88.323;Bederkesa;Niedersachsen
330;19310101;20221231;455;495.617;89.673;Oberzent-Beerfelden;Hessen
335;19761201;19771031;4;543.426;106.018;Behrensdorf;Schleswig-Holstein
342;20101201;20221231;103;523.170;81.694;Belm;Niedersachsen
348;19900101;20110831;127;504.135;75.886;Bendorf;Rheinland-Pfalz
355;19310101;19891031;140;496.789;86.276;Bensheim;Hessen
361;19050101;19981231;550;476.344;130.109;Berchtesgaden (KKst);Bayern
365;19911001;20020930;421;493.311;114.303;Berg/Oberpfalz;Bayern
368;20020101;20221231;69;528.152;99.248;Bergen;Niedersachsen
377;19270101;20221231;210;491.070;79.967;Bergzabern, Bad;Rheinland-Pfalz
379;19540701;20221231;304;509.075;112.665;Berka, Bad (Flugplatz);Thüringen
386;19730701;19861130;445;510.454;83.851;Berleburg, Bad;Nordrhein-Westfalen
390;19861201;20221231;610;509.837;83.683;Berleburg, Bad-Stünzel;Nordrhein-Westfalen
395;19480701;19531231;38;524.167;134.833;Berlin-Adlershof;Berlin
399;19750101;20150629;36;525.198;134.057;Berlin-Alexanderplatz;Berlin
400;18890101;20221231;60;526.310;135.021;Berlin-Buch;Berlin
402;18300101;19621231;55;524.564;132.997;Berlin-Dahlem (LFAG);Berlin
403;17190101;20221231;51;524.537;133.017;Berlin-Dahlem (FU);Berlin
405;19510401;19541231;37;524.500;136.500;Berlin-Friedrichshagen;Berlin
407;19580101;19780331;48;526.461;132.858;Berlin-Frohnau;Berlin
408;18830101;19511130;35;525.333;133.833;Berlin-Invalidenstraße;Berlin
410;19960601;20200615;33;524.040;137.309;Berlin-Kaniswall;Berlin
416;19820701;19960930;47;524.069;134.127;Berlin-Lichtenrade;Berlin
417;19310101;19561031;43;524.144;133.036;Berlin-Lichterfelde (Süd);Berlin
420;19930501;20221231;61;525.447;135.598;Berlin-Marzahn;Berlin
422;18920101;19641231;35;525.333;133.833;Berlin-Mitte;Berlin
424;19010101;19801231;36;525.000;134.667;Berlin-Ostkreuz;Berlin
425;19460101;19820630;38;524.044;134.838;Berlin-Rudow;Berlin
427;19570101;20221231;46;523.807;135.306;Berlin Brandenburg;Brandenburg
429;18910101;19870131;32;525.667;131.694;Berlin-Spandau;Berlin
430;19610101;20210504;36;525.644;133.088;Berlin-Tegel;Berlin
432;19780401;19941231;36;526.044;132.952;Berlin-Tegeler Fliesstal;Berlin
433;19380101;20221231;48;524.675;134.021;Berlin-Tempelhof;Berlin
434;19470101;19601231;35;524.553;134.699;Berlin-Treptow;Berlin
435;19640101;20061231;45;524.289;132.327;Berlin-Zehlendorf;Berlin
445;18870101;20221231;85;518.218;117.110;Bernburg/Saale (Nord);Sachsen-Anhalt
450;19120101;20121203;120;499.186;70.664;Bernkastel-Kues;Rheinland-Pfalz
458;19750101;19880331;185;500.699;70.306;Bertrich, Bad;Rheinland-Pfalz
460;19480101;20221231;362;492.641;66.868;Berus;Saarland
474;18810101;19860930;599;481.252;97.639;Warthausen-Birkenhard;Baden-Württemberg
480;19310101;20061231;296;509.275;84.937;Biedenkopf-Wallau;Hessen
502;19670801;20061231;412;498.747;94.883;Bischbrunn;Bayern
508;19940401;20101231;675;500.539;118.149;Bischofsgrün;Bayern
524;19220101;19921231;80;516.333;123.167;Bitterfeld;Sachsen-Anhalt
526;19060101;19751231;254;506.738;112.805;Blankenburg, Bad;Thüringen
535;19270101;20221231;417;500.372;73.079;Blankenrath;Rheinland-Pfalz
550;19940501;20020930;344;509.041;117.985;Bobeck;Thüringen
553;19540101;19740831;25;518.380;66.107;Bocholt (Marienschule);Nordrhein-Westfalen
554;19460101;20060228;23;518.293;65.365;Bocholt-Liedern (Wasserwerk);Nordrhein-Westfalen
555;19250101;20230501;110;515.026;72.289;Bochum;Nordrhein-Westfalen
570;19790101;19811231;648;490.768;130.765;Bodenmais-Mais;Bayern
576;19350101;20031231;445;486.759;89.732;Böblingen;Baden-Württemberg
578;19510301;19661231;379;489.451;113.667;Böhming;Bayern
588;19920501;19960731;105;517.520;93.953;Boffzen;Niedersachsen
591;19470101;20221231;45;533.911;106.878;Boizenburg;Mecklenburg-Vorpommern
592;19460101;19621231;10;538.634;97.344;Bokel;Schleswig-Holstein
594;19930101;20000229;425;486.407;96.136;Boll, Bad (KKst);Baden-Württemberg
596;19470101;20230501;15;540.027;111.908;Boltenhagen;Mecklenburg-Vorpommern
598;19490101;19570831;62;507.285;70.839;Bonn;Nordrhein-Westfalen
599;19310101;19990301;62;507.055;71.467;Bonn-Friesdorf;Nordrhein-Westfalen
603;20000704;20221231;147;507.293;72.040;Königswinter-Heiderhof;Nordrhein-Westfalen
606;19500101;19540731;571;480.790;101.977;Boos;Bayern
614;19510101;20071231;240;515.709;93.120;Borgentreich-Bühne;Nordrhein-Westfalen
617;20040601;20221231;47;518.730;68.863;Borken in Westfalen;Nordrhein-Westfalen
619;18810101;20060228;12;535.788;66.703;Borkum-Süderstraße;Niedersachsen
634;19800301;19910331;373;494.442;96.458;Boxberg-Seehof;Baden-Württemberg
642;19320101;19931031;4;533.518;84.969;Brake;Niedersachsen
643;19931101;19941231;0;532.960;84.529;Brake-Süderfeld;Niedersachsen
645;19460101;19520131;75;524.083;79.682;Bramsche;Niedersachsen
648;19630501;20061231;9;538.551;97.152;Brande-Hörnerkirchen;Schleswig-Holstein
650;18880101;20010430;35;524.136;125.503;Brandenburg-Görden;Brandenburg
652;19480101;19580731;384;495.353;107.706;Hagenbüchach;Bayern
656;19310101;20221231;607;517.234;106.021;Braunlage;Niedersachsen
657;19060101;20031231;625;516.634;106.690;Braunlage-Hohegeiß;Niedersachsen
660;19310101;19601231;83;522.744;105.656;Braunschweig-Gliesmarode;Niedersachsen
661;18810101;19531231;75;522.708;105.334;Braunschweig (T.H.);Niedersachsen
662;19470101;20221231;81;522.915;104.464;Braunschweig;Niedersachsen
685;19980113;20061101;585;499.017;94.281;Breitsol;Bayern
691;18510101;20221231;4;530.451;87.981;Bremen;Bremen
699;19460101;19580630;4;531.004;87.834;Bremen-Seefahrtschule;Bremen
701;19130101;20221231;7;535.332;85.761;Bremerhaven;Bremen
702;19470101;19600630;8;535.876;86.015;Bremerhaven-Speckenbüttel;Bremen
703;18810101;19850531;5;534.779;91.553;Bremervörde (A);Niedersachsen
704;19980101;20221231;11;534.451;91.390;Bremervörde;Niedersachsen
705;19850601;20061231;5;535.312;91.664;Bremervörde-Niederochtenhausen;Niedersachsen
706;19710501;20041231;234;478.858;76.611;Eschbach;Baden-Württemberg
710;18810101;20031231;182;490.249;86.990;Bretten;Baden-Württemberg
717;18910101;20040630;443;513.873;85.737;Brilon;Nordrhein-Westfalen
722;18960101;20221231;1135;517.986;106.183;Brocken;Sachsen-Anhalt
727;19530101;19861231;290;497.345;89.557;Brombachtal-Kirch-Brombach;Hessen
729;19040101;19900131;600;508.282;104.540;Brotterode;Thüringen
736;18620101;19991231;390;496.303;71.148;Brücken;Rheinland-Pfalz
755;18810101;20221231;340;495.182;93.213;Buchen, Kr. Neckar-Odenwald;Baden-Württemberg
757;19901001;20221231;445;479.625;79.983;Buchenbach;Baden-Württemberg
760;19760601;20221231;83;533.629;99.435;Rosengarten-Klecken;Niedersachsen
766;20020101;20221231;477;501.745;70.595;Büchel (Flugplatz);Rheinland-Pfalz
769;19790101;20221231;68;522.817;90.890;Bückeburg;Niedersachsen
771;19470101;19551231;148;502.769;91.167;Büdingen;Hessen
772;18930101;19860430;190;486.957;81.744;Bühlertal;Baden-Württemberg
773;19860501;20041231;478;486.743;81.799;Bühlertal-Obertal;Baden-Württemberg
793;19920101;19941031;530;496.620;71.098;Buhlenberg;Rheinland-Pfalz
817;19521001;20221231;293;510.306;88.146;Burgwald-Bottendorf;Hessen
829;19790701;19951130;479;503.960;85.465;Butzbach-Bodenrod;Hessen
833;19720501;20010430;615;506.951;134.975;Neuhausen/Erzgeb.-Rauschenbach;Sachsen
840;19891201;20221231;895;504.313;126.114;Carlsfeld;Sachsen
848;18880101;19781231;38;526.146;100.726;Celle (Stadt);Niedersachsen
850;19400101;20221231;45;525.959;100.296;Celle;Niedersachsen
851;18810101;19960430;392;492.504;126.042;Pemfling-Pitzling;Bayern
853;18810101;20221231;416;507.913;128.720;Chemnitz;Sachsen
856;19980101;20221231;551;478.843;125.404;Chieming;Bayern
863;18810101;20120331;585;517.904;103.470;Clausthal-Zellerfeld;Niedersachsen
865;19600101;19710228;42;528.441;80.624;Cloppenburg;Niedersachsen
867;18830101;20221231;344;503.066;109.679;Lautertal-Oberlauter;Bayern
876;19460801;19881231;314;513.040;130.096;Collmberg;Sachsen
879;19400101;19541231;68;517.667;142.833;Cottbus (Flugplatz);Brandenburg
880;18881101;20221231;69;517.759;143.168;Cottbus;Brandenburg
881;18980101;20031231;423;490.985;100.979;Crailsheim-Alexandersreut;Baden-Württemberg
888;19030101;19911209;269;508.149;123.821;Crimmitschau;Sachsen
891;19220101;20221231;5;538.713;87.060;Cuxhaven;Niedersachsen
896;19490701;20221231;170;510.778;108.619;Dachwig;Thüringen
917;19950801;20221231;162;498.809;86.779;Darmstadt;Hessen
918;19871001;19950731;122;498.453;86.240;Darmstadt (A);Hessen
919;19310101;19740731;169;498.697;86.796;Darmstadt-Botanischer Garten;Hessen
920;18310101;19870930;108;498.564;85.929;Darmstadt (US-Air-Base);Hessen
927;19851001;20001231;430;501.957;68.279;Daun;Rheinland-Pfalz
931;19890801;20031231;712;478.007;94.108;Deggenhausertal-Azenweiler;Baden-Württemberg
948;18870101;19501231;60;518.512;122.515;Dessau;Sachsen-Anhalt
953;19500801;20221231;481;497.619;70.542;Deuselbach;Rheinland-Pfalz
954;19980101;20221231;0;541.796;74.587;UFS Deutsche Bucht;Hamburg
963;19410101;20221231;38;525.881;83.424;Diepholz;Niedersachsen
964;19520101;19621231;413;500.832;68.904;Dierfeld;Rheinland-Pfalz
965;19360101;19900630;100;512.401;134.166;Diesbar-Seußlitz;Sachsen
970;19850401;19990630;405;494.158;106.734;Dietenhofen;Bayern
979;19471101;20221231;314;507.364;82.672;Dillenburg;Hessen
982;18810101;20061130;420;485.701;104.985;Dillingen/Donau;Bayern
983;20061201;20221231;419;485.562;105.599;Dillingen/Donau-Fristingen;Bayern
991;19540901;20221231;359;509.116;137.087;Dippoldiswalde-Reinberg;Sachsen
998;18930101;20011031;696;487.968;84.921;Dobel;Baden-Württemberg
1000;19910701;19970831;3;541.442;118.454;Doberan, Bad-Heiligendamm;Mecklenburg-Vorpommern
1001;19370101;20221231;97;516.451;135.747;Doberlug-Kirchhain;Brandenburg
1003;18810101;19751231;201;511.333;131.167;Döbeln;Sachsen
1006;18980811;19610930;15;531.399;112.544;Dömitz;Mecklenburg-Vorpommern
1018;18810101;20041231;677;479.422;85.046;Donaueschingen;Baden-Württemberg
1032;18980101;19990930;120;515.120;75.345;Dortmund;Nordrhein-Westfalen
1047;18280101;19341231;112;510.557;137.274;Dresden (Mitte);Sachsen
1048;19340101;20221231;228;511.278;137.543;Dresden-Klotzsche;Sachsen
1050;19240101;20221231;112;510.221;138.470;Dresden-Hosterwitz;Sachsen
1051;19350101;20221231;119;510.249;137.751;Dresden-Strehlen;Sachsen
1052;19930501;20221231;80;522.174;121.641;Möckern-Drewitz;Sachsen-Anhalt
1053;18990101;20030731;192;517.337;90.445;Driburg, Bad;Nordrhein-Westfalen
1066;19630101;19761231;180;515.040;102.613;Duderstadt;Niedersachsen
1072;19170101;20221231;107;494.719;81.929;Dürkheim, Bad;Rheinland-Pfalz
1073;18810101;19521231;115;494.686;81.797;Dürkheim, Bad (Saline);Rheinland-Pfalz
1074;19380101;19730228;103;513.043;120.810;Dürrenberg, Bad;Sachsen-Anhalt
1076;19300101;20001130;692;480.135;85.343;Dürrheim, Bad;Baden-Württemberg
1078;19400101;20221231;37;512.960;67.686;Düsseldorf;Nordrhein-Westfalen
1079;19350101;19960731;37;511.998;67.574;Düsseldorf-Südfriedhof;Nordrhein-Westfalen
1084;19940501;20070531;31;513.940;67.026;Duisburg-Friemersheim;Nordrhein-Westfalen
1087;19370101;19931231;21;514.634;67.321;Duisburg-Laar;Nordrhein-Westfalen
1091;19511001;20071231;258;512.806;107.362;Ebeleben;Thüringen
1093;19510101;20051031;131;494.593;89.595;Eberbach;Baden-Württemberg
1102;19871101;20021231;300;487.201;95.328;Ebersbach/Fils;Baden-Württemberg
1103;19380101;20221231;592;481.003;119.872;Ebersberg-Halbing;Bayern
1106;18760101;19501231;45;528.239;137.979;Eberswalde;Brandenburg
1107;19480101;20221231;346;498.520;104.991;Ebrach;Bayern
1130;20020101;20021231;18;546.282;93.649;Eggebek;Schleswig-Holstein
1146;19850701;19870731;487;486.593;89.121;Ehningen;Baden-Württemberg
1154;19450101;19660930;470;483.416;128.820;Eiberg;Bayern
1161;19520101;20221231;384;488.777;112.349;Eichstätt-Landershofen;Bayern
1169;19760201;19990930;264;476.288;75.959;Eimeldingen;Baden-Württemberg
1172;19480101;19891130;123;518.189;98.871;Einbeck;Niedersachsen
1182;19040101;20010531;146;515.029;115.705;Eisleben-Helfta;Sachsen-Anhalt
1188;19380101;19731231;518;507.041;108.576;Elgersburg;Thüringen
1197;19310101;20221231;463;489.895;101.312;Ellwangen-Rindelbach;Baden-Württemberg
1200;19980101;20221231;3;540.691;90.105;Elpersbüttel;Schleswig-Holstein
1201;19470701;20001231;85;509.281;65.646;Elsdorf/Erftkreis;Nordrhein-Westfalen
1204;18810101;19651231;1;532.346;84.612;Elsfleth;Niedersachsen
1207;18810101;20221231;558;502.705;122.742;Elster, Bad-Sohl;Sachsen
1214;19871101;20221231;431;482.012;81.088;Elzach-Fisnacht;Baden-Württemberg
1219;18540101;19970630;5;533.449;71.909;Emden-Nesserland;Niedersachsen
1221;19550101;19740228;0;533.707;72.236;Emden-Wolthusen;Niedersachsen
1224;19751101;20221231;201;481.378;78.351;Emmendingen-Mundingen;Baden-Württemberg
1228;20000701;20221231;0;541.651;63.460;UFS TW Ems;Hamburg
1229;19470101;19970331;90;503.324;76.975;Ems, Bad;Rheinland-Pfalz
1238;19510101;19960930;144;509.884;74.250;Engelskirchen;Nordrhein-Westfalen
1239;19860801;20080922;540;478.516;87.673;Engen/Hegau;Baden-Württemberg
1243;19300101;19850930;705;484.734;93.028;Eningen;Baden-Württemberg
1246;20150801;20221231;104;518.418;80.607;Ennigerloh-Ostenfelde;Nordrhein-Westfalen
1254;19470704;20021130;210;491.307;89.165;Eppingen;Baden-Württemberg
1255;20021201;20221231;226;491.661;88.483;Eppingen-Elsenz;Baden-Württemberg
1262;19920517;20221231;446;483.477;118.134;München-Flughafen;Bayern
1266;19580101;20221231;18;542.992;93.162;Erfde;Schleswig-Holstein
1270;18870101;20221231;316;509.829;109.608;Erfurt-Weimar;Thüringen
1275;19670401;19801231;340;483.008;131.398;Ering;Bayern
1276;19800801;20021231;408;476.358;95.392;Eriskirch-Mariabrunn;Baden-Württemberg
1279;18810101;20221231;268;496.497;110.075;Möhrendorf-Kleinseebach;Bayern
1280;19470401;19531231;280;495.692;109.929;Erlangen-Bruck;Bayern
1287;19911201;20060831;198;498.589;92.861;Eschau-Hobbach;Bayern
1292;19480101;20060430;470;497.522;118.222;Eschenbach/Oberpfalz;Bayern
1297;19480101;20221231;156;512.041;100.138;Eschwege;Hessen
1299;19790901;19991031;3;536.476;76.085;Esens;Niedersachsen
1300;19310101;20221231;351;512.540;81.565;Eslohe;Nordrhein-Westfalen
1303;18880101;20221231;150;514.041;69.677;Essen-Bredeney;Nordrhein-Westfalen
1327;19370101;20221231;147;507.119;67.905;Weilerswist-Lommersum;Nordrhein-Westfalen
1329;18810101;20031231;50;541.340;105.865;Eutin;Schleswig-Holstein
1332;19370101;20221231;471;484.832;127.241;Falkenberg,Kr.Rottal-Inn;Bayern
1339;20140101;20221231;76;529.157;101.885;Faßberg;Niedersachsen
1341;20081218;20110928;0;546.000;111.500;Fehmarnbelt;Schleswig-Holstein
1345;19470301;19621231;92;533.346;134.371;Feldberg;Mecklenburg-Vorpommern
1346;19210101;20221231;1486;478.748;80.038;Feldberg/Schwarzwald;Baden-Württemberg
1347;19800201;19870131;962;478.555;81.155;Feldberg-Altglashütten;Baden-Württemberg
1357;19470101;20221231;655;499.807;118.376;Fichtelberg/Oberfranken-Hüttstadl;Bayern
1358;18900801;20230501;1213;504.283;129.536;Fichtelberg;Sachsen
1372;19400101;20021031;757;474.608;102.696;Fischen;Bayern
1374;19490112;19720430;366;505.050;101.668;Fladungen-Heufurt;Bayern
1378;19850701;20061231;45;548.086;94.182;Flensburg;Schleswig-Holstein
1379;18660101;19850630;41;547.737;93.753;Flensburg (Schäferhaus);Schleswig-Holstein
1380;19410101;19561231;19;548.147;94.580;Flensburg-Mürwik;Schleswig-Holstein
1392;19871001;20061231;621;497.316;123.489;Flossenbürg;Bayern
1403;19650401;19801031;260;500.616;94.550;Frammersbach;Bayern
1410;19540701;19970331;130;513.512;110.958;Frankenhausen, Bad/Kyffhäuser;Thüringen
1411;18870101;20221231;747;505.309;100.479;Birx/Rhön;Thüringen
1420;19360101;20221231;100;500.259;85.213;Frankfurt/Main;Hessen
1421;19611201;19840831;125;501.474;86.746;Frankfurt/Main (Stadt);Hessen
1424;19851101;20221231;124;501.269;86.694;Frankfurt/Main-Westend;Hessen
1425;17580101;19611130;103;501.214;86.604;Frankfurt/Main (Feldbergstr.);Hessen
1426;18510101;19841231;65;523.397;145.080;Frankfurt/Oder;Brandenburg
1428;19470101;19571231;230;492.275;80.585;Frankweiler;Rheinland-Pfalz
1440;19710501;20031231;476;482.018;79.336;Freiamt-Ottoschwanden;Baden-Württemberg
1441;18810101;19930430;416;509.263;132.711;Freiberg;Sachsen
1443;18690101;20221231;237;480.232;78.343;Freiburg;Baden-Württemberg
1447;19400101;19850630;255;480.130;78.588;Freiburg im Breisgau-Herdern;Baden-Württemberg
1451;19701101;20221231;2;538.277;92.493;Freiburg/Elbe;Niedersachsen
1467;18510101;20051231;736;484.607;84.141;Freudenstadt-Kurgarten;Baden-Württemberg
1468;18810101;20221231;797;484.538;84.090;Freudenstadt;Baden-Württemberg
1473;20060101;20190228;414;491.869;113.080;Freystadt-Michelbach;Bayern
1481;19560101;19981231;928;479.216;82.547;Friedenweiler;Baden-Württemberg
1488;19330101;19721231;523;516.884;110.394;Friedrichsbrunn;Sachsen-Anhalt
1490;18530101;19801130;394;476.454;94.795;Friedrichshafen;Baden-Württemberg
1492;19290101;20031231;852;477.819;77.348;Malsburg-Marzell-Friedrichsheim;Baden-Württemberg
1493;19920701;19951231;793;504.788;110.159;Friedrichshöhe;Thüringen
1503;19270101;20221231;6;530.643;79.020;Friesoythe-Altenoythe;Niedersachsen
1504;20010101;20211231;172;511.190;92.799;Fritzlar (Flugplatz);Hessen
1513;19070101;19621130;653;506.588;81.027;Fuchskauten;Rheinland-Pfalz
1522;19220101;19550331;313;494.811;109.640;Fürth/Bayern (A);Bayern
1526;18810101;20221231;242;505.668;96.532;Fulda-Horas;Hessen
1544;18710101;20221231;47;525.129;113.942;Gardelegen;Sachsen-Anhalt
1550;18890101;20221231;719;474.830;110.621;Garmisch-Partenkirchen;Bayern
1552;19370101;19960430;13;532.066;143.817;Gartz/Oder;Brandenburg
1568;19580501;19821231;916;506.549;107.743;Gehlberg-Schmücke;Thüringen
1580;18840701;20221231;111;499.859;79.548;Geisenheim;Hessen
1583;19470101;19701231;823;507.719;137.732;Geisingberg;Sachsen
1584;20090601;20221231;673;479.242;86.474;Geisingen;Baden-Württemberg
1586;19610701;19680430;610;478.774;126.279;Traunstein-Geißing;Bayern
1587;19980101;20221231;536;489.481;114.289;Gelbelsee;Bayern
1590;19370101;20221231;37;514.942;62.463;Geldern-Walbeck;Nordrhein-Westfalen
1593;19000101;19740430;190;502.027;91.989;Gelnhausen;Hessen
1602;18880101;20221231;177;484.330;79.930;Ohlsbach;Baden-Württemberg
1605;19530101;20221231;35;523.875;121.602;Genthin;Sachsen-Anhalt
1612;19520101;20221231;311;508.812;121.289;Gera-Leumnitz;Thüringen
1617;19490101;20071231;210;517.259;111.317;Gernrode;Sachsen-Anhalt
1619;19560101;20051231;90;497.622;84.887;Gernsheim;Hessen
1621;19490101;19631231;553;502.777;99.144;Geroda-Platz;Bayern
1623;19960301;20021130;530;504.477;99.174;Gersfeld;Hessen
1638;19360101;19840430;158;505.910;86.551;Gießen (Lahntal);Hessen
1639;18810101;20221231;203;506.017;86.439;Gießen/Wettenberg;Hessen
1645;19470101;20221231;340;509.656;90.500;Gilserberg-Moischeid;Hessen
1666;19930301;20201231;12;548.273;95.058;Glücksburg-Meierwik;Schleswig-Holstein
1667;18800101;20061231;1;537.970;94.295;Glückstadt;Schleswig-Holstein
1684;18600101;20221231;239;511.621;149.506;Görlitz;Sachsen
1689;19140101;20040630;441;497.656;113.062;Gößweinstein;Bayern
1691;18570101;20221231;167;515.002;99.507;Göttingen;Niedersachsen
1694;19470101;20221231;59;536.058;121.034;Goldberg;Mecklenburg-Vorpommern
1709;19270101;19901231;360;508.496;139.392;Gottleuba, Bad;Sachsen
1721;19910101;20221231;506;496.640;112.239;Gräfenberg-Kasberg;Bayern
1735;19580101;20221231;628;487.894;136.290;Grainet-Rehberg;Bayern
1736;19380101;20221231;26;535.731;106.797;Grambek;Schleswig-Holstein
1748;19210101;20050331;608;504.788;92.620;Grebenhain-Herchenhain;Hessen
1757;18980101;20230501;2;540.967;134.056;Greifswald;Mecklenburg-Vorpommern
1758;19400101;19771231;2;541.000;134.500;Greifswald-Wieck;Mecklenburg-Vorpommern
1759;19470801;20221231;12;542.437;139.102;Greifswalder Oie;Mecklenburg-Vorpommern
1762;18970101;20061231;270;506.249;121.777;Greiz-Dölau;Thüringen
1766;19891001;20221231;48;521.344;76.969;Münster/Osnabrück;Nordrhein-Westfalen
1792;20200814;20221231;27;527.553;74.815;Groß Berßen;Niedersachsen
1803;19670101;20221231;35;540.714;123.238;Groß Lüsewitz;Mecklenburg-Vorpommern
1832;19821101;20221231;1436;491.129;131.338;Großer Arber;Bayern
1833;19470101;19821031;1307;490.851;132.801;Grosser Falkenstein;Bayern
1834;18870101;19780630;913;508.519;104.665;Grosser Inselsberg;Thüringen
1844;19590101;19811231;517;479.411;119.004;Feldkirchen-Westerham-Lenzmühle;Bayern
1849;19490101;19601231;408;488.126;115.728;Großmehring-Theißing;Bayern
1863;19950301;20221231;258;502.667;91.854;Gründau-Breitenborn;Hessen
1869;19730101;20221231;56;533.154;139.339;Grünow;Brandenburg
1873;19570501;19981231;300;517.956;102.380;Grund, Bad;Niedersachsen
1875;19500101;20021231;492;489.354;97.364;Gschwend, Kr. Ostalb;Baden-Württemberg
1886;20160901;20221231;444;484.878;102.608;Günzburg;Bayern
1890;18990101;19501231;30;537.667;122.167;Güstrow-Schabernack;Mecklenburg-Vorpommern
1891;18350101;20020331;73;518.770;83.577;Rheda-Wiedenbrück-Lintel;Nordrhein-Westfalen
1892;20070101;20121231;72;519.298;83.005;Gütersloh (Flugplatz);Nordrhein-Westfalen
1902;19841101;20001231;413;491.273;107.448;Gunzenhausen/Altmühlsee;Bayern
1920;19780601;20071231;100;514.129;74.895;Hagen-Fley;Nordrhein-Westfalen
1929;19470101;20010731;567;518.597;103.368;Hahnenklee;Niedersachsen
1957;18510101;20150322;93;515.138;119.499;Halle-Kröllwitz;Sachsen-Anhalt
1960;18510101;19661231;102;514.831;119.671;Halle (Stadt);Sachsen-Anhalt
1964;19370101;20221231;328;499.445;63.821;Olsdorf;Rheinland-Pfalz
1972;19120101;19620930;35;534.793;102.415;Hamburg-Bergedorf;Hamburg
1973;19470101;19541231;14;535.598;99.874;Hamburg-Botanischer Garten;Hamburg
1975;19360101;20221231;11;536.332;99.881;Hamburg-Fuhlsbüttel;Hamburg
1979;19380101;20061231;2;534.213;101.462;Hamburg-Kirchwerder;Hamburg
1981;19580101;20221231;4;534.776;98.957;Hamburg-Neuwiedenthal;Hamburg
1986;19780601;19880430;1;534.699;101.804;Hamburg-Reitbrook;Hamburg
1987;19560101;20000229;47;535.467;99.662;Hamburg-Sankt Pauli;Hamburg
1990;19510101;20061231;18;535.853;101.293;Hamburg-Wandsbek;Hamburg
1993;19280101;20071031;68;520.848;93.896;Hameln;Niedersachsen
2000;19950601;19960930;106;501.205;89.243;Hanau;Hessen
2005;19610101;19941231;108;527.199;105.984;Hankensbüttel;Niedersachsen
2014;18560101;20221231;55;524.644;96.779;Hannover;Niedersachsen
2023;19980103;20221231;501;487.918;107.062;Harburg;Bayern
2039;19060101;20221231;203;519.002;105.699;Harzburg, Bad;Niedersachsen
2044;18900101;20221231;404;516.520;111.366;Harzgerode;Sachsen-Anhalt
2048;19510101;19591231;3;536.342;96.038;Haseldorf;Schleswig-Holstein
2053;19630101;19751231;461;516.868;108.631;Hasselfelde;Sachsen-Anhalt
2069;19160101;19750531;648;488.629;130.670;Hausstein;Bayern
2074;18810101;20221231;518;483.752;89.800;Hechingen;Baden-Württemberg
2078;19370101;20020630;10;542.181;90.853;Weddingstedt;Schleswig-Holstein
2080;18710101;20120911;110;494.206;86.676;Heidelberg;Baden-Württemberg
2081;18820101;19601231;561;493.981;87.251;Königstuhl;Baden-Württemberg
2083;19470101;19581231;110;494.192;86.051;Heidelberg-Grenzhof;Baden-Württemberg
2088;18510101;20050430;522;486.849;101.420;Heidenheim/Brenz;Baden-Württemberg
2092;19340101;19901231;496;501.691;79.949;Heidenrod-Mappershain;Hessen
2095;18720101;20031031;167;491.448;92.333;Heilbronn;Baden-Württemberg
2110;19380101;20221231;57;510.411;61.042;Heinsberg-Schleiden;Nordrhein-Westfalen
2115;18810101;20221231;4;541.750;78.920;Helgoland;Schleswig-Holstein
2120;18950101;20061231;140;522.164;110.219;Helmstedt;Niedersachsen
2122;19520101;20020531;2;539.701;90.095;Helse, Kr. Dithmarschen;Schleswig-Holstein
2147;18810101;20071231;77;521.264;86.865;Herford;Nordrhein-Westfalen
2151;19390101;19910831;215;510.048;101.705;Herleshausen;Hessen
2158;19150101;20050930;350;488.042;84.430;Herrenalb, Bad;Baden-Württemberg
2159;19780401;19850331;434;485.915;88.541;Herrenberg;Baden-Württemberg
2160;19810101;20001231;360;508.444;106.904;Herrenhof;Thüringen
2166;19510101;19901231;344;510.167;147.500;Herrnhut;Sachsen
2167;19480101;20120331;302;497.672;73.356;Niederwörresbach;Rheinland-Pfalz
2171;19310101;20221231;272;508.520;97.377;Hersfeld, Bad;Hessen
2173;19760101;20071231;60;515.890;71.548;Herten;Nordrhein-Westfalen
2174;18880101;20221231;236;516.255;103.695;Herzberg;Niedersachsen
2201;19310414;20221231;1;545.750;131.044;Hiddensee-Vitte;Mecklenburg-Vorpommern
2206;19050101;20080229;117;521.408;98.838;Hildesheim;Niedersachsen
2211;19310101;20221231;295;507.370;76.525;Hilgenroth;Rheinland-Pfalz
2221;19800101;19991031;1053;475.408;104.371;Hindelang-Unterjoch;Bayern
2223;19600101;20011231;300;503.674;105.687;Hindfeld;Thüringen
2225;18810101;19840930;385;509.167;143.667;Hinterhermsdorf;Sachsen
2226;19600401;20020930;668;504.707;109.106;Eisfeld-Waffenrod-Hinterrod;Thüringen
2228;19460101;20050331;883;478.983;81.055;Hinterzarten;Baden-Württemberg
2244;18810101;19990930;1008;477.327;81.627;Höchenschwand;Baden-Württemberg
2250;19260101;20060731;403;491.279;128.645;Höllenstein (Kraftwerk);Bayern
2252;18810101;20221231;271;508.992;147.456;Bertsdorf-Hörnitz;Sachsen
2260;18890101;20061231;474;503.230;119.077;Hof (Stadt);Bayern
2261;19470101;20221231;565;503.123;118.760;Hof;Bayern
2264;19370101;20021130;242;515.340;94.789;Hofgeismar-Beberbeck;Hessen
2268;19380101;20061231;265;501.351;105.156;Hofheim;Bayern
2289;19530701;19661231;28;526.667;123.333;Hohennauen;Brandenburg
2290;17810101;20221231;977;478.009;110.108;Hohenpeißenberg;Bayern
2297;19720601;19951130;80;541.195;97.127;Hohenwestedt;Schleswig-Holstein
2302;19910101;19921231;317;509.632;114.847;Hohlstedt-Kötschau;Thüringen
2303;19370101;20221231;10;543.162;95.385;Hohn;Schleswig-Holstein
2306;19771101;20221231;8;543.194;106.732;Hohwacht;Schleswig-Holstein
2315;20020101;20221231;80;517.657;131.666;Holzdorf (Flugplatz);Brandenburg
2318;19980801;20000131;397;502.182;79.133;Holzhausen a.d. Haide;Rheinland-Pfalz
2319;19530101;20221231;685;478.823;116.961;Holzkirchen;Bayern
2323;19350101;20221231;110;518.529;94.953;Bevern, Kr. Holzminden;Niedersachsen
2324;19750601;20080930;440;517.659;95.447;Holzminden-Silberborn;Niedersachsen
2327;19380101;20000630;250;507.316;90.032;Homberg/Ohm;Hessen
2331;19530101;20021231;235;493.278;73.533;Homburg/Saar;Saarland
2344;19430101;19640331;582;501.511;116.980;Horlachen;Bayern
2349;19380101;20050831;1138;486.136;82.033;Hornisgrinde;Baden-Württemberg
2352;19550101;19710831;712;476.227;80.177;Hottingen;Baden-Württemberg
2354;19470201;19591231;118;514.379;142.426;Hoyerswerda Kr. Bautzen;Sachsen
2360;19270101;19780430;438;486.018;116.769;Hüll;Bayern
2362;19821001;20221231;328;505.651;74.843;Hümmerich;Rheinland-Pfalz
2374;18810101;19740630;3;544.752;90.564;Husum;Schleswig-Holstein
2385;20030101;20221231;376;496.927;73.263;Idar-Oberstein;Rheinland-Pfalz
2388;19900601;20031231;193;480.419;76.322;Ihringen;Baden-Württemberg
2393;19230701;19440930;498;506.805;109.073;Ilmenau;Thüringen
2396;18870101;19680731;260;518.667;106.833;Ilsenburg;Sachsen-Anhalt
2406;19800701;20021130;209;492.967;96.520;Ingelfingen;Baden-Württemberg
2409;18810101;20221231;367;487.663;114.537;Ingolstadt (Flussmeisterstelle);Bayern
2410;20170101;20221231;364;487.111;115.363;Ingolstadt (Flugplatz);Bayern
2417;19590101;19771231;621;481.644;120.307;Mittbach;Bayern
2422;19310101;19780630;230;513.768;77.644;Iserlohn-Westig;Nordrhein-Westfalen
2423;18810101;20040430;712;476.894;100.416;Isny;Baden-Württemberg
2429;20010101;20221231;20;539.897;95.697;Itzehoe;Schleswig-Holstein
2436;19950101;20061231;55;520.547;132.344;Jänickendorf;Brandenburg
2437;19990101;20181231;21;544.570;95.203;Schleswig-Jagel;Schleswig-Holstein
2444;18210101;20221231;155;509.251;115.830;Jena (Sternwarte);Thüringen
2451;19540101;20010831;77;517.954;129.583;Jessen/Elster;Sachsen-Anhalt
2456;18730101;20040630;7;535.322;78.806;Jever;Niedersachsen
2464;19370101;19901031;1;535.316;96.752;Jork;Niedersachsen
2474;19760101;20081231;91;509.104;64.093;Jülich (Forsch.-Anlage);Nordrhein-Westfalen
2475;19260101;19831031;75;519.999;131.010;Jüterbog;Brandenburg
2477;19700401;20081231;728;475.938;79.597;Jungholz (Kühmoos);Baden-Württemberg
2480;18960101;20221231;108;500.643;89.930;Kahl/Main;Bayern
2483;19261101;20221231;839;511.803;84.891;Kahler Asten;Nordrhein-Westfalen
2485;20110501;20221231;489;489.170;96.871;Kaisersbach-Cronhütte;Baden-Württemberg
2486;18810101;20221231;271;494.262;77.557;Kaiserslautern;Rheinland-Pfalz
2488;18940101;20020930;516;487.701;107.876;Kaisheim-Neuhof;Bayern
2494;20010101;20081231;31;517.329;62.688;Kalkar;Nordrhein-Westfalen
2497;19370101;20221231;505;505.014;65.264;Kall-Sistig;Nordrhein-Westfalen
2502;19510201;19561231;447;513.180;101.348;Heiligenstadt, Heilbad-Kalteneber;Thüringen
2503;19510201;20030331;487;506.266;101.455;Kaltennordheim;Thüringen
2506;19230101;19630831;270;512.667;140.833;Kamenz;Sachsen
2521;18960101;19940331;374;486.765;112.961;Karlshuld;Bayern
2522;18510101;20081031;112;490.382;83.641;Karlsruhe;Baden-Württemberg
2532;18800101;20131031;231;512.963;94.424;Kassel;Hessen
2533;18630101;19770630;198;513.340;94.506;Kassel-Harleshausen;Hessen
2536;19510101;19921231;283;513.173;94.145;Kassel-Wilhelmshöhe (A);Hessen
2542;19400101;20160331;716;478.652;106.007;Kaufbeuren;Bayern
2543;19680101;20081231;585;480.916;108.609;Kaufering;Bayern
2546;19881001;20031231;140;485.576;78.800;Kehl-Odelshofen;Baden-Württemberg
2559;18810101;20221231;705;477.233;103.348;Kempten;Bayern
2564;18810101;20221231;28;543.776;101.424;Kiel-Holtenau;Schleswig-Holstein
2565;18800101;19880930;17;543.378;100.929;Kiel-Kronshagen;Schleswig-Holstein
2575;20070524;20221231;432;491.804;99.800;Kirchberg/Jagst-Herboldshausen;Baden-Württemberg
2578;18680101;20221231;14;539.995;114.341;Kirchdorf/Poel;Mecklenburg-Vorpommern
2597;18810101;20221231;282;502.240;100.792;Kissingen, Bad;Bayern
2600;19410101;20221231;193;497.363;101.781;Kitzingen;Bayern
2601;19050101;20221231;822;502.218;84.469;Kleiner Feldberg/Taunus;Hessen
2609;19740901;19810331;40;539.587;103.293;Klein Rönnau;Schleswig-Holstein
2618;19580101;20221231;732;508.458;104.803;Kleiner Inselsberg;Thüringen
2621;19560101;19691231;42;524.045;132.134;Kleinmachnow;Brandenburg
2627;19960701;20221231;128;515.554;138.845;Schipkau-Klettwitz;Brandenburg
2629;18510101;20221231;46;517.612;60.954;Kleve;Nordrhein-Westfalen
2638;19280101;20221231;974;481.054;87.548;Klippeneck;Baden-Württemberg
2641;19941001;20221231;90;515.185;129.065;Klitzschen bei Torgau;Sachsen
2649;19371101;19450131;310;509.138;118.616;Klosterlausnitz, Bad;Thüringen
2654;19280101;19831031;200;490.265;87.554;Knittlingen;Baden-Württemberg
2657;19130101;20080131;85;503.369;75.992;Koblenz-Horchheim;Rheinland-Pfalz
2665;18510101;19841231;45;509.615;69.712;Köln-Botanischer Garten;Nordrhein-Westfalen
2667;19570901;20221231;92;508.645;71.575;Köln-Bonn;Nordrhein-Westfalen
2680;19480101;20221231;289;502.840;104.456;Königshofen, Bad;Bayern
2689;19500101;19601231;40;532.279;96.527;Königsmoor;Niedersachsen
2691;19940401;20081231;378;486.707;112.173;Königsmoos-Untermaxfeld;Bayern
2693;19410101;19890630;380;501.855;84.698;Königstein/Taunus;Hessen
2700;19470101;20221231;416;488.302;114.872;Kösching;Bayern
2701;19310101;20070331;136;511.329;117.252;Kösen, Bad;Sachsen-Anhalt
2703;19980101;20001010;496;518.550;93.239;Köterberg;Nordrhein-Westfalen
2704;19000101;20221231;76;517.511;120.094;Köthen (Anhalt);Sachsen-Anhalt
2708;19910801;20221231;742;476.652;110.805;Kohlgrub, Bad (Rosshof);Bayern
2712;19470101;20221231;428;476.952;91.307;Konstanz;Baden-Württemberg
2713;19470101;19741231;398;476.605;91.634;Konstanz (Stadtgärtnerei);Baden-Württemberg
2717;19890601;20051231;395;512.662;88.309;Korbach-Lengefeld;Hessen
2738;18820101;19960430;776;476.448;117.438;Kreuth;Bayern
2750;19490101;20221231;310;502.524;113.209;Kronach;Bayern
2757;19570101;19831231;238;479.077;77.020;Krozingen, Bad;Baden-Württemberg
2761;19500101;19901031;520;482.510;104.163;Krumbach-Edenhausen;Bayern
2770;19730701;19740831;35;539.015;102.359;Kükels;Schleswig-Holstein
2773;20010101;20221231;415;494.283;119.016;Kümmersbruck;Bayern
2775;19310101;19800630;225;492.795;96.925;Künzelsau;Baden-Württemberg
2780;19600101;19820531;330;501.003;114.494;Kulmbach;Bayern
2783;19660901;19920831;436;485.126;121.513;Kumhausen;Bayern
2790;18810101;19810831;296;495.592;74.134;Kusel-Fünfbirken;Rheinland-Pfalz
2794;18870101;20221231;40;529.362;124.093;Kyritz;Brandenburg
2796;20010101;20221231;41;539.156;122.790;Laage (Flugplatz);Mecklenburg-Vorpommern
2812;19500101;20221231;156;483.647;78.280;Lahr;Baden-Württemberg
2814;19490101;20221231;687;485.122;97.644;Merklingen;Baden-Württemberg
2821;19480101;19571231;214;519.603;100.157;Lamspringe;Niedersachsen
2829;20010101;20171231;621;480.772;109.144;Landsberg (Flugplatz);Bayern
2830;19260101;19671231;602;480.349;108.709;Landsberg/Lech;Bayern
2831;18810101;20080331;393;485.357;121.132;Landshut;Bayern
2856;19930601;20221231;91;519.173;130.878;Langenlipsdorf;Brandenburg
2857;18810101;19581130;175;511.173;106.568;Langensalza, Bad;Thüringen
2861;19300101;19860630;5;537.445;74.775;Langeoog;Niedersachsen
2872;19460101;19501231;15;528.457;73.489;Lathen;Niedersachsen
2878;19470401;20221231;117;513.909;118.786;Lauchstädt, Bad;Sachsen-Anhalt
2879;19480101;19851231;199;495.781;97.142;Lauda-Königshofen-Gerlachsheim;Baden-Württemberg
2886;20020101;20221231;539;482.175;99.097;Laupheim;Baden-Württemberg
2889;19730101;19910930;300;516.323;104.737;Lauterberg, Bad (A);Niedersachsen
2905;20010101;20221231;550;481.849;108.507;Lechfeld;Bayern
2906;19510101;19750228;5;547.750;89.808;Leck (A);Schleswig-Holstein
2907;19741101;20221231;7;547.903;89.514;Leck;Schleswig-Holstein
2912;19510101;19741130;9;547.419;98.791;Lehbek;Schleswig-Holstein
2915;19380101;19611231;640;504.833;114.500;Lehesten/Thüringer Wald;Thüringen
2920;19780901;19970630;365;487.654;125.121;Leiblfing;Bayern
2923;19540101;19700531;663;479.116;106.124;Leinau;Bayern
2925;19570101;20221231;356;513.932;103.123;Leinefelde;Thüringen
2928;18510101;20221231;138;513.151;124.462;Leipzig-Holzhausen;Sachsen
2931;19470101;19720430;128;513.920;123.962;Leipzig-Mockau;Sachsen
2932;19340101;20221231;131;514.347;122.396;Leipzig/Halle;Sachsen
2947;19620401;20221231;286;511.333;80.348;Lennestadt-Theten;Nordrhein-Westfalen
2949;18510101;20020131;758;485.396;95.275;Lenningen-Schopfloch;Baden-Württemberg
2950;19620401;20061231;14;542.190;108.844;Lensahn;Schleswig-Holstein
2951;19941001;20221231;20;531.007;114.864;Lenzen/Elbe;Brandenburg
2953;19460101;20221231;854;478.597;82.308;Lenzkirch-Ruhbühl;Baden-Württemberg
2961;19980101;20221231;0;544.996;102.737;Leuchtturm Kiel;Schleswig-Holstein
2963;19290101;19781231;92;513.167;120.333;Leunawerke;Sachsen-Anhalt
2968;19030101;20221231;43;509.894;69.777;Köln-Stammheim;Nordrhein-Westfalen
2985;19910101;20221231;321;509.383;142.094;Lichtenhain-Mittelndorf;Sachsen
2996;19380101;19601231;352;487.726;87.287;Liebenzell, Bad;Baden-Württemberg
3001;19500101;19900531;284;480.674;76.770;Liliental;Baden-Württemberg
3004;19480101;19990630;185;504.116;80.605;Limburg/Lahn-Offheim;Hessen
3007;19220101;19551231;96;494.111;83.980;Limburgerhof;Rheinland-Pfalz
3015;19060401;20221231;98;522.085;141.180;Lindenberg;Brandenburg
3016;19700601;19880430;760;475.980;98.878;Lindenberg/Allgäu;Bayern
3017;19840701;20100416;341;496.800;87.823;Lindenfels;Hessen
3018;19230101;20051231;445;497.117;87.804;Lindenfels-Winterkasten;Hessen
3023;18550101;20161231;22;525.181;73.081;Lingen;Niedersachsen
3028;19510101;20221231;157;517.854;88.388;Lippspringe, Bad;Nordrhein-Westfalen
3031;19801201;20221231;92;516.336;83.945;Lippstadt-Bökenförde;Nordrhein-Westfalen
3032;19370101;20221231;25;550.110;84.125;List auf Sylt;Schleswig-Holstein
3034;19400101;20221231;496;504.505;116.350;Lobenstein, Bad;Thüringen
3042;19930701;20221231;230;505.617;82.386;Löhnberg-Obershausen;Hessen
3044;18810101;20180531;22;527.198;77.472;Löningen;Niedersachsen
3045;19930501;20070630;27;527.432;78.763;Löningen-Hagel;Niedersachsen
3056;19040101;20051031;161;500.103;96.100;Lohr/Main-Steinbach;Bayern
3062;19110101;19890531;100;500.352;78.197;Lorch/Rhein;Hessen
3076;18950101;19561231;95;494.606;84.246;Ludwigshafen-Mundenheim;Rheinland-Pfalz
3082;19350101;19741231;56;519.333;138.833;Lübben;Brandenburg
3083;19911001;20221231;57;519.267;138.797;Lübben-Blumenfelde;Brandenburg
3085;19500101;19850228;15;538.773;106.915;Lübeck;Schleswig-Holstein
3086;19400101;20221231;15;538.025;106.989;Lübeck-Blankensee;Schleswig-Holstein
3088;18810101;19730630;5;538.953;107.040;Lübeck-Werft;Schleswig-Holstein
3093;19541201;20221231;16;529.724;111.374;Lüchow;Niedersachsen
3096;19220101;19951231;444;512.131;76.359;Lüdenscheid (Zeppelin-Gymnasium);Nordrhein-Westfalen
3098;19940101;20221231;387;512.452;76.425;Lüdenscheid;Nordrhein-Westfalen
3101;19500101;19950930;58;517.694;74.128;Lüdinghausen;Nordrhein-Westfalen
3103;18550101;19971231;11;532.657;104.240;Lüneburg;Niedersachsen
3113;19910101;19910731;528;507.663;107.201;Luisenthal/Ohra;Thüringen
3126;18340101;20221231;79;521.029;115.827;Magdeburg;Sachsen-Anhalt
3135;19270101;19830331;473;490.643;95.820;Mainhardt-Ziegelbronn;Baden-Württemberg
3137;18810101;20221231;195;499.656;82.139;Mainz-Lerchenberg (ZDF);Rheinland-Pfalz
3139;19831101;20041231;509;482.166;112.965;Maisach-Gernlinden;Bayern
3147;19520101;20230501;390;487.548;122.118;Mallersdorf-Pfaffenberg-Oberlindhart;Bayern
3155;19380101;20221231;413;501.015;68.009;Manderscheid-Sonnenhof;Rheinland-Pfalz
3158;19850101;20221231;12;525.468;145.453;Manschnow;Brandenburg
3160;19520101;19801231;240;516.084;114.139;Vatterode-Gräfenstuhl;Sachsen-Anhalt
3164;18810101;20221231;187;508.492;87.745;Cölbe, Kr. Marburg-Biedenkopf;Hessen
3166;19550801;20221231;639;506.511;131.469;Marienberg;Sachsen
3167;19621201;20221231;547;506.621;79.603;Marienberg, Bad;Rheinland-Pfalz
3170;19070101;20221231;9;544.937;112.411;Marienleuchte;Schleswig-Holstein
3181;20210801;20221231;360;494.875;106.277;Markt Erlbach-Hagenhofen;Bayern
3196;18810101;20221231;81;533.222;119.321;Marnitz;Mecklenburg-Vorpommern
3204;19831101;20221231;429;507.335;108.815;Martinroda;Thüringen
3211;19360101;19561231;1012;489.359;135.746;Mauth-Finsterau;Bayern
3212;19600101;20021231;230;503.249;72.300;Mayen;Rheinland-Pfalz
3222;19610101;19781231;60;523.411;91.403;Meerbeck;Niedersachsen
3223;18810101;19770930;460;476.985;92.753;Meersburg;Baden-Württemberg
3226;20060801;20221231;107;517.259;115.109;Aschersleben-Mehringen;Sachsen-Anhalt
3227;19330101;19801130;216;518.936;89.842;Meinberg, Bad;Nordrhein-Westfalen
3228;19790801;19951231;506;510.976;76.670;Meinerzhagen (A);Nordrhein-Westfalen
3231;18780101;20221231;450;505.611;103.771;Meiningen;Thüringen
3234;19560601;20221231;158;511.294;134.328;Klipphausen-Garsebach;Sachsen
3236;19860701;20011231;85;522.147;83.833;Melle;Niedersachsen
3244;19400101;20221231;614;479.821;101.384;Memmingen;Bayern
3246;20020101;20021231;181;503.667;73.167;Mendig;Rheinland-Pfalz
3253;19490101;20061231;882;478.309;80.698;Sankt Blasien-Menzenschwand;Baden-Württemberg
3254;20190101;20230331;19;527.155;73.176;Meppen;Niedersachsen
3257;18810101;20221231;251;494.773;97.622;Mergentheim, Bad-Neunkirchen;Baden-Württemberg
3265;19470101;19621231;297;499.220;92.872;Mespelbrunn;Bayern
3268;20030101;20221231;900;481.694;89.433;Meßstetten-Appental;Baden-Württemberg
3271;18810101;20221231;314;488.548;129.189;Metten;Bayern
3274;19921001;20111231;415;495.070;65.215;Mettlach-Orscholz (Kurort);Saarland
3278;19250101;20221231;354;485.377;92.734;Metzingen;Baden-Württemberg
3284;19010101;20221231;240;496.692;90.085;Michelstadt;Hessen
3287;19871001;20221231;453;497.177;90.997;Michelstadt-Vielbrunn;Hessen
3289;19721001;20221231;356;507.281;117.838;Schmieritz-Weltwitz;Thüringen
3291;19801101;20031231;129;497.120;92.258;Miltenberg;Bayern
3300;19740501;19930331;155;502.285;91.064;Mittel-Gründau;Hessen
3307;18900101;20221231;984;474.779;112.653;Mittenwald-Buckelwiesen;Bayern
3313;19110101;19720331;508;497.328;87.771;Modautal-Neunkirchen;Hessen
3317;19750701;19840930;42;536.128;106.943;Mölln;Schleswig-Holstein
3319;20060901;20221231;239;497.644;92.530;Röllbach;Bayern
3320;19340101;19530531;49;511.970;64.499;Mönchengladbach;Nordrhein-Westfalen
3340;19380101;20221231;265;504.383;78.061;Montabaur;Rheinland-Pfalz
3348;19900701;20221231;241;517.209;98.351;Moringen-Lutterbeck;Niedersachsen
3362;19980101;20221231;243;489.721;88.735;Mühlacker;Baden-Württemberg
3366;19530101;20221231;406;482.790;125.024;Mühldorf;Bayern
3370;19490101;20041130;300;512.076;103.956;Mühlhausen;Thüringen
3376;19290101;20221231;63;525.176;141.232;Müncheberg;Brandenburg
3379;19540601;20221231;515;481.632;115.429;München-Stadt;Bayern
3382;18010101;19531231;521;481.441;116.000;München-Bogenhausen;Bayern
3383;18790101;19541231;515;481.635;115.019;München-Botanischer Garten;Bayern
3385;19550101;19990331;515;481.660;115.011;München-Nymphenburg;Bayern
3388;19940201;19970131;542;480.919;116.486;München-Perlach;Bayern
3390;19370101;19920516;529;481.369;117.094;München-Riem;Bayern
3402;18810101;20221231;755;483.851;94.837;Münsingen-Apfelstetten;Baden-Württemberg
3404;18530101;19911231;62;519.494;75.906;Münster;Nordrhein-Westfalen
3419;19621101;19891031;557;505.852;114.928;Leutenberg-Steinsdorf;Thüringen
3425;19250101;20040531;344;489.729;95.712;Murrhardt;Baden-Württemberg
3426;19360518;20221231;127;515.660;147.008;Muskau, Bad;Sachsen
3432;19240101;19950331;380;485.675;87.179;Nagold;Baden-Württemberg
3442;19010101;20221231;149;503.574;87.506;Nauheim, Bad;Hessen
3478;19270101;20050228;81;535.468;131.914;Neubrandenburg;Mecklenburg-Vorpommern
3484;20020101;20221231;380;487.085;112.147;Neuburg/Donau (Flugplatz);Bayern
3485;19910601;20221231;486;483.115;103.773;Neuburg/Kammel-Langenhaslach;Bayern
3486;19490101;20041231;212;492.931;92.722;Neudenau;Baden-Württemberg
3490;19300101;20221231;111;505.346;70.853;Neuenahr, Bad-Ahrweiler;Rheinland-Pfalz
3509;20041001;20221231;78;531.020;130.421;Menz;Brandenburg
3513;18830101;20221231;845;505.003;111.345;Neuhaus am Rennweg;Thüringen
3518;19811001;19931130;793;479.760;89.101;Neuhausen ob Eck;Baden-Württemberg
3519;19931201;20031231;663;479.519;89.932;Neuhausen ob Eck-Unterschwandorf;Baden-Württemberg
3527;18910101;20221231;500;508.923;94.050;Neukirchen-Hauptschwenda;Hessen
3532;19480101;19761130;4;543.609;106.015;Neuland;Schleswig-Holstein
3537;18560101;20070831;26;540.873;99.791;Neumünster;Schleswig-Holstein
3540;19920901;20221231;195;508.446;73.720;Neunkirchen-Seelscheid-Krawinkel;Nordrhein-Westfalen
3541;19620801;19920229;185;508.956;73.081;Neunkirchen-Seelscheid-Meisenbach;Nordrhein-Westfalen
3545;19530101;20221231;236;493.440;72.297;Neunkirchen-Wellesweiler;Saarland
3552;19400101;20190407;38;529.037;128.071;Neuruppin;Brandenburg
3565;19470101;20020131;315;495.728;106.001;Neustadt/Aisch;Bayern
3571;20080301;20221231;452;498.174;118.638;Neustadt am Kulm-Filchendorf;Bayern
3575;19250101;19821231;163;493.570;81.405;Neustadt/Weinstraße;Rheinland-Pfalz
3576;19760101;20021031;125;493.478;81.822;Neustadt/Weinstraße (Heidehof);Rheinland-Pfalz
3577;18810101;19760630;64;533.585;130.502;Neustrelitz;Mecklenburg-Vorpommern
3578;19811001;20061231;341;489.831;121.444;Regensburg-Burgweinting;Bayern
3590;19590101;20050930;180;502.335;88.923;Nidderau-Windecken;Hessen
3591;19940101;20221231;350;506.743;64.240;Nideggen-Schmidt;Nordrhein-Westfalen
3595;19660501;20030630;250;504.107;78.080;Niederelbert;Rheinland-Pfalz
3603;20030101;20221231;459;493.895;99.666;Niederstetten;Baden-Württemberg
3605;19270101;19801031;451;485.334;102.427;Niederstotzingen;Baden-Württemberg
3612;18980101;20221231;25;526.711;92.229;Nienburg;Niedersachsen
3621;19000101;20221231;435;488.253;105.067;Reimlingen;Bayern
3623;20020101;20221231;110;508.294;66.601;Nörvenich (Flugplatz);Nordrhein-Westfalen
3631;18590101;20221231;12;537.123;71.519;Norderney;Niedersachsen
3639;20010101;20221231;26;537.647;86.584;Nordholz (Flugplatz);Niedersachsen
3640;19360101;20061231;25;524.123;70.640;Nordhorn-Blanke;Niedersachsen
3658;19800701;20050131;303;509.095;75.725;Nümbrecht-Distelkamp;Nordrhein-Westfalen
3659;19310101;19950228;627;503.391;69.501;Nürburg;Rheinland-Pfalz
3660;19950306;20221231;485;503.602;68.697;Nürburg-Barweiler;Rheinland-Pfalz
3666;18810101;19741231;335;495.008;111.070;Nürnberg-Buchenbuehl;Bayern
3667;19750101;20221231;369;494.258;112.539;Nürnberg-Netzstall;Bayern
3668;18790101;20221231;314;495.030;110.549;Nürnberg;Bayern
3671;19550101;19910331;280;486.321;93.261;Nürtingen;Baden-Württemberg
3672;19480501;19541231;457;486.207;88.962;Nufringen;Baden-Württemberg
3679;19370101;20221231;518;476.187;121.665;Kiefersfelden-Gach;Bayern
3694;19500601;19811209;810;507.005;107.256;Oberhof;Thüringen
3702;19580101;20061231;515;478.780;78.288;Münstertal-Obermünstertal;Baden-Württemberg
3705;19820701;20041231;475;483.147;85.735;Oberndorf/Neckar-Aistaig;Baden-Württemberg
3722;19230101;20060531;484;482.443;115.528;Oberschleißheim;Bayern
3727;19831001;20010930;800;475.619;100.313;Oberstaufen-Kalzhofen;Bayern
3730;18860101;20221231;806;473.984;102.759;Oberstdorf;Bayern
3734;20040701;20221231;230;491.280;93.525;Obersulm-Willsbach;Baden-Württemberg
3735;19360701;19581231;455;482.635;122.760;Obertaufkirchen;Bayern
3739;19481001;20221231;596;494.521;124.365;Oberviechtach;Bayern
3744;19711201;19750630;125;516.018;95.383;Oberweser-Gieselwerder;Hessen
3751;19880601;19971231;626;480.449;98.822;Ochsenhausen-Mittelbuch;Baden-Württemberg
3752;19590901;19820930;1014;500.300;118.074;Ochsenkopf;Bayern
3753;19640101;19930331;56;522.042;71.784;Ochtrup;Nordrhein-Westfalen
3761;19470101;20221231;276;492.070;95.176;Öhringen;Baden-Württemberg
3776;19030101;19951031;110;500.946;87.546;Offenbach/M. (Stadt);Hessen
3777;19580101;20031231;153;484.593;79.255;Offenburg;Baden-Württemberg
3788;19600601;19851231;305;508.646;147.628;Olbersdorf;Sachsen
3790;18730101;19890930;5;531.018;82.516;Oldenburg (A);Niedersachsen
3791;19891001;20120930;11;531.763;81.824;Oldenburg;Niedersachsen
3811;19411001;20221231;150;512.960;130.928;Oschatz;Sachsen
3815;18810101;20101130;95;522.553;80.534;Osnabrück;Niedersachsen
3818;19560101;19661231;29;527.167;117.333;Osterburg;Sachsen-Anhalt
3821;19840801;20221231;244;510.872;119.293;Osterfeld;Sachsen-Anhalt
3825;19610101;19771231;338;495.033;72.773;Osterhof;Saarland
3836;19720501;20221231;314;504.538;102.211;Ostheim v.d. Rhön;Bayern
3856;19210101;19930630;1010;476.383;104.313;Oy-Mittelberg;Bayern
3857;19931001;20221231;886;476.362;103.892;Oy-Mittelberg-Petersthal;Bayern
3867;19370101;19561231;5;530.646;74.815;Papenburg;Niedersachsen
3875;19500101;20221231;549;491.510;116.896;Parsberg/Oberpfalz-Eglwang;Bayern
3878;18810101;19571231;329;485.805;134.152;Passau-Maierhof;Bayern
3879;19470101;19970103;409;485.779;134.694;Passau-Oberhaus;Bayern
3883;19700301;19980131;442;505.999;119.966;Pausa-Unterreichenau;Sachsen
3897;19980101;20221231;2;540.893;108.773;Pelzerhaken;Schleswig-Holstein
3903;19500101;20040930;175;495.114;63.857;Perl-Besch;Saarland
3904;19650101;20221231;152;495.354;63.789;Perl-Nennig;Saarland
3915;19470101;19541231;145;519.893;133.608;Petkus;Brandenburg
3922;19751101;20010630;435;491.162;108.598;Pfofeld-Langlau;Bayern
3924;18990101;20050831;246;489.059;87.412;Pforzheim-Eutingen;Baden-Württemberg
3925;20050901;20221231;332;489.329;86.973;Pforzheim-Ispringen;Baden-Württemberg
3927;19580101;20221231;630;479.345;92.869;Pfullendorf;Baden-Württemberg
3929;19480101;19850930;100;492.511;84.415;Philippsburg;Baden-Württemberg
3939;19400101;20221231;385;491.912;75.879;Pirmasens;Rheinland-Pfalz
3946;18810101;20221231;387;504.818;121.300;Plauen;Sachsen
3955;19500101;19970131;24;541.590;104.020;Plön (See);Schleswig-Holstein
3974;19490301;19930630;368;495.058;115.142;Pommelsbrunn;Bayern
3975;19500101;20221231;522;494.777;115.357;Pommelsbrunn-Mittelburg;Bayern
3987;18930101;20221231;81;523.812;130.622;Potsdam;Brandenburg
3988;18860101;20191231;81;523.822;130.622;Potsdam (Säkularstation);Brandenburg
4005;19310101;19571231;530;478.588;123.624;Prien-Stock;Bayern
4018;19400101;19830831;550;481.877;112.206;Puch;Bayern
4024;18531101;20221231;40;543.643;134.771;Putbus;Mecklenburg-Vorpommern
4029;19400101;19571231;25;526.691;79.544;Quakenbrück;Niedersachsen
4032;18870101;20221231;142;517.953;111.320;Quedlinburg;Sachsen-Anhalt
4036;19530601;20221231;204;513.895;115.412;Querfurt-Mühle Lodersleben;Sachsen-Anhalt
4038;19470101;19770630;27;537.276;99.071;Quickborn (Kurzer Kamp);Schleswig-Holstein
4039;19741201;20221231;11;537.331;98.776;Quickborn;Schleswig-Holstein
4053;19530101;19961231;407;477.458;90.007;Radolfzell-Markelfingen;Baden-Württemberg
4063;19500101;20221231;41;524.461;85.906;Rahden-Kleinendorf;Nordrhein-Westfalen
4066;19861101;19990131;553;479.091;111.048;Raisting;Bayern
4077;19370101;19390731;114;488.471;81.868;Rastatt;Baden-Württemberg
4079;19390101;20050630;200;511.765;114.183;Rastenberg;Thüringen
4091;19620701;19980630;1640;477.327;126.827;Rauschberg bei Ruhpolding;Bayern
4094;19190101;20221231;441;478.062;96.206;Weingarten, Kr. Ravensburg;Baden-Württemberg
4100;19540101;19731231;109;516.243;71.820;Recklinghausen;Nordrhein-Westfalen
4104;18790101;20221231;365;490.425;121.019;Regensburg;Bayern
4125;18970101;20061130;470;477.238;128.740;Reichenhall, Bad;Bayern
4127;19911001;20221231;347;509.906;76.958;Reichshof-Eckenhagen;Nordrhein-Westfalen
4149;18810101;19640331;774;505.477;132.238;Marienberg-Reitzenhain;Sachsen
4152;19710101;19771231;760;476.783;81.527;Remetschwiel;Baden-Württemberg
4154;19170101;20180630;345;511.800;72.505;Remscheid-Lennep;Nordrhein-Westfalen
4156;19731001;19980228;8;542.878;96.749;Rendsburg;Schleswig-Holstein
4157;19360101;20031130;315;505.052;74.881;Rengsdorf (Kurort);Rheinland-Pfalz
4160;20040701;20221231;478;487.425;89.240;Renningen-Ihinger Hof;Baden-Württemberg
4166;19880501;20021231;360;485.051;91.833;Reutlingen-Betzingen;Baden-Württemberg
4169;19290101;20221231;131;486.703;79.939;Rheinau-Memprechtshofen;Baden-Württemberg
4174;20080101;20161231;40;522.887;73.866;Rheine-Bentlage;Nordrhein-Westfalen
4175;19530901;20221231;283;475.590;77.721;Rheinfelden;Baden-Württemberg
4177;19470101;20221231;116;489.726;83.301;Rheinstetten;Baden-Württemberg
4189;20040801;20221231;534;481.479;94.596;Altheim, Kreis Biberach;Baden-Württemberg
4222;19630101;20060131;464;505.263;124.091;Rodewisch;Sachsen
4233;19360403;19531130;397;503.833;95.167;Röhrigshof bei Schlüchtern;Hessen
4240;19340101;19920930;440;506.407;62.058;Roetgen;Nordrhein-Westfalen
4261;18810101;20221231;442;478.753;121.280;Rosenheim;Bayern
4270;18810101;19651231;20;540.826;121.228;Rostock;Mecklenburg-Vorpommern
4271;19340101;20221231;5;541.803;120.808;Rostock-Warnemünde;Mecklenburg-Vorpommern
4275;19310101;20221231;32;531.289;93.398;Rotenburg (Wümme);Niedersachsen
4278;19410101;20081231;340;492.511;110.934;Roth bei Nürnberg;Bayern
4280;20020101;20221231;386;492.162;111.035;Roth;Bayern
4287;19470608;20221231;415;493.849;101.732;Rothenburg ob der Tauber;Bayern
4288;19370101;19750831;96;521.038;81.809;Rothenfelde, Bad;Niedersachsen
4293;19580101;20051130;747;476.819;117.714;Rottach-Egern;Bayern
4294;19790701;20021014;360;484.704;89.687;Rottenburg-Kiebingen;Baden-Württemberg
4300;19110101;20221231;589;481.815;86.356;Rottweil;Baden-Württemberg
4301;19310101;20230501;102;498.502;78.710;Kreuznach, Bad;Rheinland-Pfalz
4318;19710601;20061231;692;477.310;126.610;Ruhpolding;Bayern
4320;19880601;19920930;36;540.934;102.223;Ruhwinkel;Schleswig-Holstein
4323;19690101;20221231;461;496.468;78.837;Ruppertsecken;Rheinland-Pfalz
4327;19530301;19710716;797;488.765;130.490;Rusel-Irlmoos;Bayern
4330;19520101;19800331;449;488.026;89.557;Rutesheim;Baden-Württemberg
4332;19470501;19591231;235;506.563;113.894;Saalfeld;Thüringen
4336;19500101;20221231;319;492.128;71.077;Saarbrücken-Ensheim;Saarland
4339;19430101;20010331;193;492.231;70.168;Saarbrücken-Sankt Johann;Saarland
4343;19790101;19970930;180;493.256;67.354;Saarlouis;Saarland
4347;19310101;20000131;293;515.909;105.691;Sachsa, Bad;Niedersachsen
4349;19871101;20221231;251;489.569;90.711;Sachsenheim;Baden-Württemberg
4350;19660101;20081231;339;475.619;79.399;Säckingen, Bad (Bergseestr.);Baden-Württemberg
4354;19850901;20221231;457;487.832;133.146;Saldenburg-Entschenreuth;Bayern
4364;19470101;19991231;138;520.355;103.054;Salzgitter-Ringelheim;Niedersachsen
4367;19920401;20061231;175;520.781;95.520;Salzhemmendorf-Lauenstein;Niedersachsen
4371;19310101;20221231;135;521.042;87.521;Salzuflen, Bad;Nordrhein-Westfalen
4373;19360115;19720630;29;528.568;111.319;Salzwedel;Sachsen-Anhalt
4377;19650101;20221231;518;503.518;100.034;Sandberg;Bayern
4386;19030101;20061231;795;477.610;81.247;Sankt Blasien;Baden-Württemberg
4390;19630101;20041231;896;480.091;80.966;Sankt Märgen;Baden-Württemberg
4391;19510401;19691031;3;539.878;91.125;Sankt Michaelisdonn;Schleswig-Holstein
4393;19380101;20221231;5;543.279;86.031;Sankt Peter-Ording;Schleswig-Holstein
4396;19500101;19601231;400;494.672;72.036;Sankt Wendel-Hof;Saarland
4397;19780201;20051231;400;495.025;72.020;Sankt Wendel-Urweiler;Saarland
4401;19500101;19800630;81;516.334;81.872;Sassendorf, Bad-Ostinghausen;Nordrhein-Westfalen
4411;19791201;20221231;155;499.195;89.671;Schaafheim-Schlierbach;Hessen
4419;19470101;20041231;212;479.557;77.133;Schallstadt-Mengen;Baden-Württemberg
4425;19480101;19651231;569;494.864;70.290;Schaumberg-Tholey;Saarland
4429;19170101;19940831;778;475.880;98.500;Scheidegg;Bayern
4433;19870101;20041231;519;481.994;97.700;Schemmerhofen-Ingerkingen;Baden-Württemberg
4436;19470101;19511231;314;508.166;98.460;Schenklengsfeld;Hessen
4438;19921201;20061231;317;499.750;110.395;Scheßlitz;Bayern
4442;19810101;20071231;155;519.119;91.533;Schieder;Nordrhein-Westfalen
4445;19021201;20221231;609;517.658;106.533;Wernigerode-Schierke;Sachsen-Anhalt
4464;19370101;20221231;501;505.679;118.041;Schleiz;Thüringen
4466;19470101;20221231;43;545.275;95.487;Schleswig;Schleswig-Holstein
4468;18810101;19730731;19;545.227;95.649;Schleswig-Stadtfeld;Schleswig-Holstein
4469;19380201;19800831;399;505.071;107.620;Schleusingen;Thüringen
4471;19370101;19850731;780;477.358;118.505;Schliersee (A);Bayern
4474;19140101;19731231;170;497.961;77.583;Schlossböckelheim;Rheinland-Pfalz
4477;19550101;20050930;993;478.208;81.860;Schluchsee;Baden-Württemberg
4479;19370101;19850930;375;503.849;95.358;Schlüchtern-Kloster Gomfritz;Hessen
4480;19520101;20221231;230;503.447;95.533;Schlüchtern-Herolz;Hessen
4484;19590101;19710331;45;536.615;102.543;Schmalenbeck;Schleswig-Holstein
4485;20050201;20170228;296;507.250;104.539;Schmalkalden, Kurort;Thüringen
4489;18980101;19621231;198;518.833;107.667;Schmatzfeld;Sachsen-Anhalt
4490;19660101;20021231;223;494.149;68.360;Schmelz-Hüttersdorf;Saarland
4496;19550101;19741231;95;516.826;127.348;Schmiedeberg, Bad;Sachsen-Anhalt
4501;18870101;20221231;938;506.545;107.696;Schmücke;Thüringen
4505;18810101;19870131;650;504.988;124.534;Schnarrtanne-Vogelsgrün;Sachsen
4508;18890101;20221231;649;502.968;64.194;Schneifelforsthaus;Rheinland-Pfalz
4517;19000101;20041231;635;487.859;86.451;Schömberg, Kr. Calw;Baden-Württemberg
4548;20070701;20221231;608;501.847;120.791;Schönwald/Ofr.-Brunn;Bayern
4549;19770501;20100923;1021;481.002;81.969;Schönwald/Schwarzwald;Baden-Württemberg
4556;19730101;20000831;904;481.402;81.991;Schonach;Baden-Württemberg
4557;18810101;20021031;399;476.464;78.440;Schopfheim-Eichen;Baden-Württemberg
4559;19960501;20221231;398;491.644;126.175;Schorndorf-Knöbling;Bayern
4560;19010101;20211231;265;504.925;91.226;Schotten;Hessen
4571;19690601;19970331;504;518.369;104.312;Schulenberg;Niedersachsen
4576;19770401;19810731;343;493.261;110.120;Schwabach (A);Bayern
4581;19500101;20021031;415;487.768;98.025;Schwäbisch Gmünd-Strassdorf;Baden-Württemberg
4582;19400101;20010731;358;490.823;96.892;Schwäbisch Hall-Bibersfeld;Baden-Württemberg
4584;19700401;19790531;444;483.667;118.000;Schwaigermoos;Bayern
4586;18790101;19980630;320;501.394;80.627;Schwalbach, Bad;Hessen
4592;19490101;20221231;356;493.278;120.871;Schwandorf;Bayern
4593;19950701;19991130;117;519.639;111.208;Schwanebeck;Sachsen-Anhalt
4597;19310101;20101231;792;475.769;107.181;Schwangau-Horn;Bayern
4605;19490705;20221231;277;506.441;111.936;Schwarzburg;Thüringen
4606;19600101;19801231;116;515.167;143.500;Schwarze Pumpe;Brandenburg
4612;19230101;19650630;418;505.513;127.678;Schwarzenberg;Sachsen
4621;19400101;20031231;240;500.575;102.160;Schweinfurt-Gartenstadt;Bayern
4625;18880101;20221231;59;536.424;113.871;Schwerin;Mecklenburg-Vorpommern
4629;19740701;19991130;37;545.166;91.420;Schwesing;Schleswig-Holstein
4642;19761001;20221231;21;528.911;117.297;Seehausen;Sachsen-Anhalt
4649;19370101;19560531;214;508.698;73.228;Seelscheid;Nordrhein-Westfalen
4651;19060101;20221231;189;519.040;101.885;Seesen;Niedersachsen
4656;18810101;19730630;49;539.278;102.993;Segeberg, Bad;Schleswig-Holstein
4664;19220101;20000630;611;501.969;121.727;Selb/Oberfranken-Wildenau;Bayern
4692;18950101;20181130;229;508.534;79.966;Siegen (Kläranlage);Nordrhein-Westfalen
4703;18880101;20221231;581;480.719;91.943;Sigmaringen-Laiz;Baden-Württemberg
4704;19880501;20221231;508;475.776;97.404;Sigmarszell-Zeisertsweiler;Bayern
4705;19470101;19531210;819;497.595;123.891;Silberhütte;Bayern
4706;19810101;20221231;358;482.718;130.273;Simbach/Inn;Bayern
4709;19790401;20221231;445;499.996;75.981;Simmern-Wahlbach;Rheinland-Pfalz
4719;19980101;20070828;169;492.447;88.787;Sinsheim;Baden-Württemberg
4729;19890701;20040229;342;502.882;94.583;Steinau-Seidenroth;Hessen
4741;19070101;20021231;152;511.400;70.930;Solingen-Hohenscheid;Nordrhein-Westfalen
4745;19270101;20221231;75;529.604;97.930;Soltau;Niedersachsen
4748;18610101;20101231;185;513.691;108.800;Sondershausen;Thüringen
4752;19390101;20080630;626;503.746;111.828;Sonneberg-Neufang;Thüringen
4763;19380101;20221231;265;510.607;99.266;Sontra;Hessen
4765;19400101;19801231;199;512.800;99.847;Sooden-Allendorf, Bad;Hessen
4775;19490101;19651231;424;497.858;118.211;Speinshart;Bayern
4782;19660101;19911231;87;516.040;121.093;Spören-Prussendorf;Sachsen-Anhalt
4806;18830101;19831231;370;507.832;110.880;Stadtilm;Thüringen
4813;20200801;20221231;318;500.806;110.467;Staffelstein, Bad-Stublang;Bayern
4818;19640401;20001231;597;501.531;117.402;Stammbach-Querenbach;Bayern
4837;19851201;19900930;363;479.869;79.466;Stegen;Baden-Württemberg
4841;19981001;20221231;0;536.946;88.735;Steinau, Kr. Cuxhaven;Niedersachsen
4847;19560101;19751231;500;513.629;96.902;Steinberg;Niedersachsen
4857;19901101;20221231;2;535.534;96.097;Mittelnkirchen-Hohenfelde;Niedersachsen
4878;19060101;20221231;504;516.646;108.811;Oberharz am Brocken-Stiege;Sachsen-Anhalt
4881;19771001;19940731;532;478.591;90.152;Stockach;Baden-Württemberg
4887;19470101;20221231;734;486.656;98.648;Stötten;Baden-Württemberg
4896;19741201;20221231;40;546.654;98.050;Wagersrott;Schleswig-Holstein
4911;18830101;20221231;351;488.275;125.597;Straubing;Bayern
4926;19460101;20130513;224;487.896;92.167;Stuttgart (Neckartal);Baden-Württemberg
4927;17920101;19840731;286;487.693;91.814;Stuttgart-Stadt;Baden-Württemberg
4928;19580101;20221231;314;488.281;92.000;Stuttgart (Schnarrenberg);Baden-Württemberg
4931;19410101;20221231;371;486.883;92.235;Stuttgart-Echterdingen;Baden-Württemberg
4933;18810101;19770630;401;487.091;92.147;Stuttgart-Hohenheim;Baden-Württemberg
4939;19470101;19581231;235;517.333;111.167;Suderode, Bad;Sachsen-Anhalt
4966;19140101;19571231;415;508.696;105.106;Tabarz/Thüringer Wald;Thüringen
4977;19930101;20020430;45;525.447;119.724;Tangermünde;Sachsen-Anhalt
4978;19860101;20221231;395;506.390;100.228;Tann/Rhön;Hessen
4987;19860501;20040630;179;496.122;96.747;Tauberbischofsheim-Dittigheim;Baden-Württemberg
4996;18940101;19991031;837;477.099;117.639;Tegernsee;Bayern
4997;19941001;20221231;196;509.771;123.419;Starkenberg-Tegkwitz;Thüringen
5009;19470101;20221231;33;537.610;125.574;Teterow;Mecklenburg-Vorpommern
5014;19520101;20221231;7;532.758;89.857;Worpswede-Hüttenbusch;Niedersachsen
5017;19480101;20221231;633;504.002;113.888;Teuschnitz;Bayern
5024;19470101;19501231;67;522.084;120.328;Möckern-Räckendorf;Sachsen-Anhalt
5029;19750601;20221231;387;494.737;70.385;Tholey;Saarland
5032;19860501;20031231;197;498.850;98.469;Thüngersheim;Bayern
5039;19680301;19981231;236;508.430;101.613;Tiefenort;Thüringen
5046;19670101;20221231;501;498.576;123.542;Tirschenreuth-Lodermühl;Bayern
5047;19450101;19951231;870;479.394;81.933;Titisee-Neustadt-Langenordnach;Baden-Württemberg
5049;19570101;20050228;846;478.991;81.460;Titisee-Neustadt-Titisee;Baden-Württemberg
5059;19821001;20021231;781;477.279;79.988;Todtmoos;Baden-Württemberg
5063;19250101;20070531;724;477.566;115.819;Tölz, Bad;Bayern
5064;20041201;20221231;37;512.897;64.437;Tönisvorst;Nordrhein-Westfalen
5067;19310101;19660930;491;517.643;95.628;Torfhaus im Solling;Niedersachsen
5068;18510101;19901231;80;515.833;130.000;Torgau;Sachsen
5074;18810101;19601231;626;478.663;126.566;Traunstein-Sparz;Bayern
5075;19711001;20040630;635;478.516;126.182;Traunstein-Axdorf;Bayern
5078;19400101;20010930;2;539.619;108.892;Travemünde;Schleswig-Holstein
5088;19910101;20001231;3;545.337;132.460;Trent;Mecklenburg-Vorpommern
5094;19070101;20011231;683;481.316;82.283;Triberg;Baden-Württemberg
5095;19750701;19880630;700;481.288;82.330;Triberg (Kurpark);Baden-Württemberg
5097;19490101;20221231;10;540.654;127.655;Tribsees;Mecklenburg-Vorpommern
5099;17880101;20221231;132;497.326;66.131;Trier-Zewen;Rheinland-Pfalz
5100;19310101;20221231;261;497.479;66.583;Trier-Petrisberg;Rheinland-Pfalz
5105;19270101;19730228;700;483.132;92.472;Trochtelfingen;Baden-Württemberg
5107;19880601;20031231;769;482.814;93.137;Trochtelfingen-Wilsingen;Baden-Württemberg
5109;20010101;20221231;68;535.998;133.039;Trollenhagen;Mecklenburg-Vorpommern
5111;19150101;20221231;560;480.311;125.396;Trostberg;Bayern
5120;19500101;19820430;370;485.198;90.515;Tübingen;Baden-Württemberg
5127;19910201;20031231;649;480.083;88.179;Tuttlingen;Baden-Württemberg
5128;19810601;19901231;668;479.682;87.899;Tuttlingen-Möhringen-Vorstadt;Baden-Württemberg
5133;19980601;20221231;295;513.344;89.132;Twistetal-Mühlhausen;Hessen
5138;19460101;20031231;446;477.713;91.562;Überlingen/Bodensee;Baden-Württemberg
5142;19360901;20221231;1;537.445;140.698;Ueckermünde;Mecklenburg-Vorpommern
5146;18880101;20221231;50;529.414;105.289;Uelzen;Niedersachsen
5149;19370101;20221231;318;495.679;101.969;Gollhofen;Bayern
5155;18810101;20140831;567;483.837;99.524;Ulm;Baden-Württemberg
5158;19871201;20221231;159;521.601;111.759;Ummendorf;Sachsen-Anhalt
5165;19350101;20061231;95;528.499;102.898;Unterlüß;Niedersachsen
5185;19711101;20061231;291;495.933;110.704;Uttenreuth;Bayern
5229;18810101;20221231;719;480.453;84.608;Villingen-Schwenningen;Baden-Württemberg
5236;19500101;19791231;51;528.318;83.112;Visbek;Niedersachsen
5244;19590101;19820228;220;492.581;68.612;Völklingen-Stadt;Saarland
5245;19780101;19990831;187;492.495;68.804;Völklingen (Kraftwerk-Fenne);Saarland
5250;19080101;20031231;223;480.908;76.353;Vogtsburg-Oberrotweil;Baden-Württemberg
5252;19470101;19571231;100;521.030;95.845;Voldagsen;Niedersachsen
5267;19630601;19751231;86;520.722;110.222;Wackersleben;Sachsen-Anhalt
5275;19851001;20221231;105;492.445;85.374;Waghäusel-Kirrlach;Baden-Württemberg
5277;19980101;20090630;349;508.119;91.280;Wahlen;Hessen
5279;19490101;20221231;176;516.194;95.749;Wesertal-Lippoldsberg;Hessen
5280;19810401;20221231;33;539.224;102.267;Wittenborn;Schleswig-Holstein
5282;19170101;19740630;246;511.197;136.744;Wahnsdorf bei Dresden;Sachsen
5284;19780101;19911231;224;488.279;93.228;Waiblingen;Baden-Württemberg
5289;19830101;20080430;595;484.918;85.612;Waldachtal-Lützenhardt;Baden-Württemberg
5291;19480101;19611231;1005;479.760;81.558;Waldau-Jostal;Baden-Württemberg
5296;19360101;19890430;376;512.070;90.658;Waldeck;Hessen
5300;19300101;20221231;380;502.596;83.607;Waldems-Reinborn;Hessen
5306;19711201;20031231;940;489.293;134.641;Waldhäuser (National Park);Bayern
5317;19490101;19571231;509;500.097;122.979;Waldsassen;Bayern
5320;19380101;19910630;330;476.172;82.388;Waldshut;Baden-Württemberg
5335;18820101;20221231;352;508.963;105.483;Waltershausen;Thüringen
5344;19410301;20061231;2;537.865;79.096;Wangerooge;Niedersachsen
5347;19980101;20221231;236;515.039;91.118;Warburg;Nordrhein-Westfalen
5349;18890701;20221231;73;535.196;126.654;Waren (Müritz);Mecklenburg-Vorpommern
5361;19110101;20051231;270;506.271;94.420;Wartenberg-Angersbach;Hessen
5369;19471201;19931231;443;480.572;122.202;Wasserburg;Bayern
5371;19240101;20221231;920;504.973;99.427;Wasserkuppe;Hessen
5377;19480101;19530930;1923;475.714;129.337;Watzmannhaus;Bayern
5397;18810101;20221231;440;496.662;121.844;Weiden;Bayern
5398;19190101;19710630;425;491.965;106.487;Weidenbach, Kr.Ansbach;Bayern
5403;19911101;20041231;309;495.900;102.588;Weigenheim-Reusch;Bayern
5404;18850101;20221231;477;484.024;116.946;Weihenstephan-Dürnast;Bayern
5410;18870101;19930630;135;504.732;82.594;Weilburg (Kläranlage);Hessen
5419;18820101;20070630;264;509.751;113.076;Weimar;Thüringen
5424;19490313;20221231;328;510.177;113.544;Weimar-Schöndorf;Thüringen
5426;19530101;20221231;553;493.758;81.212;Weinbiet;Rheinland-Pfalz
5429;19010101;19840630;219;491.512;92.920;Weinsberg;Baden-Württemberg
5431;19470101;19760930;24;530.333;118.000;Weisen bei Wittenberge;Sachsen-Anhalt
5433;19570101;20221231;380;495.534;68.120;Weiskirchen/Saar;Saarland
5434;19410101;19920531;317;500.858;112.364;Weismain;Bayern
5435;19810101;20031231;455;488.457;89.073;Weissach;Baden-Württemberg
5440;18790101;20221231;439;490.115;109.308;Weißenburg-Emetzheim;Bayern
5442;18950101;20051231;109;512.002;119.154;Weißenfels;Sachsen-Anhalt
5445;19830201;20071231;165;512.120;109.956;Weißensee-Ottenhausen;Thüringen
5453;19920601;20031231;174;481.880;76.976;Weisweil-Waldeckhof;Baden-Württemberg
5460;19781201;19840731;655;481.477;86.954;Wellendingen;Baden-Württemberg
5463;19941201;20000131;58;520.654;146.898;Wellmitz;Brandenburg
5467;18840101;20120920;1832;477.035;120.119;Wendelstein;Bayern
5480;20030910;20221231;85;515.763;78.879;Werl;Nordrhein-Westfalen
5488;19490101;19860331;216;499.622;100.482;Mühlhausen, Kr. Schweinfurt;Bayern
5490;19470101;20221231;233;518.454;107.686;Wernigerode;Sachsen-Anhalt
5498;18750408;20041130;140;497.667;95.428;Wertheim-Eichel;Baden-Württemberg
5514;18720101;19611231;3;548.990;83.117;Westerland;Schleswig-Holstein
5516;19310101;20221231;3;545.283;110.606;Fehmarn;Schleswig-Holstein
5533;19901201;20031231;351;516.170;105.843;Wieda;Niedersachsen
5538;19200101;20221231;551;478.827;111.576;Wielenbach (Demollstr.);Bayern
5540;18810101;20120630;132;500.652;82.597;Wiesbaden (Süd);Hessen
5541;19870601;20221231;263;501.321;83.169;Wiesbaden-Auringen;Hessen
5543;19460101;19860731;235;500.863;81.872;Wiesbaden-Dotzheim;Hessen
5546;19670401;20221231;187;521.206;124.586;Wiesenburg;Brandenburg
5559;18960101;20010630;383;487.848;85.764;Wildbad, Bad-Calmbach;Baden-Württemberg
5560;18960101;20031130;740;487.501;85.365;Wildbad, Bad-Sommerberg;Baden-Württemberg
5562;19950401;20221231;571;486.516;86.801;Neubulach-Oberhaugstett;Baden-Württemberg
5568;19330101;20010331;310;511.056;91.081;Wildungen, Bad;Hessen
5575;18810101;19980630;1;535.901;81.060;Wilhelmshaven;Niedersachsen
5582;19400101;20051231;580;512.940;86.026;Willingen/Upland;Hessen
5583;19830801;20060131;594;512.818;86.673;Willingen/Upland-Usseln;Hessen
5609;19940801;20020331;241;488.031;94.699;Winterbach, Rems-Murr-Kreis;Baden-Württemberg
5610;19580101;20081231;733;511.872;85.079;Winterberg;Nordrhein-Westfalen
5624;19470101;19541231;17;539.026;114.254;Wismar;Mecklenburg-Vorpommern
5629;19370101;20221231;105;518.891;126.446;Wittenberg;Sachsen-Anhalt
5640;20020101;20221231;10;535.503;76.672;Wittmundhafen;Niedersachsen
5643;19370101;20221231;68;531.864;124.949;Wittstock-Rote Mühle;Brandenburg
5644;19000101;19990831;133;513.493;98.438;Witzenhausen;Hessen
5654;19480701;20071231;464;492.178;102.296;Wörnitz-Bottenweiler;Bayern
5663;19790101;19901231;118;534.618;136.099;Woldegk;Mecklenburg-Vorpommern
5664;19580101;20221231;296;482.953;82.391;Wolfach;Baden-Württemberg
5665;19180101;20041231;677;478.180;97.970;Wolfegg;Baden-Württemberg
5675;19610101;19810331;56;524.411;107.587;Wolfsburg;Niedersachsen
5676;19810401;20221231;82;523.962;106.892;Wolfsburg (Südwest);Niedersachsen
5681;19810901;19981231;200;495.811;76.234;Wolfstein/Pfalz;Rheinland-Pfalz
5688;20181101;20221231;881;477.004;81.057;Dachsberg-Wolpadingen;Baden-Württemberg
5692;18960101;20221231;88;496.051;83.659;Worms;Rheinland-Pfalz
5703;19490101;19860131;170;497.964;98.949;Würzburg/Main;Bayern
5705;18810101;20221231;268;497.704;99.576;Würzburg;Bayern
5707;18810101;19530131;175;497.995;99.280;Würzburg (Physikalisches-Institut);Bayern
5715;20020101;20221231;49;524.626;94.245;Wunstorf;Niedersachsen
5717;19070101;20221231;134;512.256;71.052;Wuppertal-Buchenhofen;Nordrhein-Westfalen
5719;20041001;20091209;235;512.051;72.000;Remscheid;Nordrhein-Westfalen
5728;19520401;19811231;35;528.039;128.714;Wustrau-Ziethenhorst;Brandenburg
5731;19550101;20221231;395;476.783;83.801;Wutöschingen-Ofteringen;Baden-Württemberg
5732;18870701;20030630;9;546.928;85.271;Wrixum/Föhr;Schleswig-Holstein
5745;19330101;20221231;51;529.663;133.268;Zehdenick;Brandenburg
5750;19520901;20221231;264;510.314;121.495;Zeitz;Sachsen-Anhalt
5761;19031101;19801231;69;519.642;120.996;Zerbst;Sachsen-Anhalt
5778;19910101;20040731;2;540.801;138.989;Zinnowitz;Mecklenburg-Vorpommern
5779;19710101;20221231;877;507.313;137.516;Zinnwald-Georgenfeld;Sachsen
5781;18760101;19430831;235;508.849;148.112;Zittau;Sachsen
5792;19000801;20221231;2956;474.210;109.848;Zugspitze;Bayern
5797;18631204;20221231;349;506.879;124.329;Lichtentanne;Sachsen
5800;19980101;20221231;615;490.280;132.385;Zwiesel;Bayern
5802;19470101;20030930;615;490.007;132.137;Zwieselberg;Bayern
5821;19590101;19761231;36;528.482;87.190;Bassum (A);Niedersachsen
5822;19751001;20221231;42;528.630;86.989;Bassum;Niedersachsen
5825;19530701;20221231;40;526.198;127.867;Berge;Brandenburg
5832;19460101;19541130;50;531.007;110.455;Dannenberg;Niedersachsen
5839;19970701;20221231;0;533.881;72.287;Emden;Niedersachsen
5856;19970103;20221231;476;485.451;133.532;Fürstenzell;Bayern
5871;19981101;20221231;497;499.463;72.645;Hahn;Rheinland-Pfalz
5885;18810101;19770531;289;486.582;94.203;Kirchheim/Teck-Ötlingen;Baden-Württemberg
5890;19440101;19910731;850;476.777;110.473;Kohlgrub, Bad (A);Bayern
5898;19390101;19840630;287;488.943;92.058;Ludwigsburg;Baden-Württemberg
5904;19780501;20050131;431;486.493;117.772;Mainburg;Bayern
5906;18810101;20221231;98;495.063;85.584;Mannheim;Baden-Württemberg
5912;19370101;20031231;169;510.988;95.380;Malsfeld;Hessen
5920;18880101;19970731;91;504.485;74.275;Neuwied;Rheinland-Pfalz
5930;19980101;20221231;1;546.410;100.238;Schönhagen (Ostseebad);Schleswig-Holstein
5941;19380101;20221231;686;476.754;124.698;Reit im Winkl;Bayern
5971;19510101;19630228;510;488.787;96.342;Welzheim (A);Baden-Württemberg
6086;19971101;20000630;71;527.786;137.590;Melchow-Schönholz;Brandenburg
6093;19980201;20221231;62;532.139;104.704;Wendisch Evern;Niedersachsen
6095;19980501;19990930;273;510.838;134.486;Taubenheim-Seeligstadt;Sachsen
6105;19980601;20221231;15;543.194;98.051;Ostenfeld (Rendsburg);Schleswig-Holstein
6109;19981001;20221231;52;533.837;143.728;Grambow-Schwennenz;Mecklenburg-Vorpommern
6110;19980901;20040831;11;538.545;134.949;Medow-Wussentin;Mecklenburg-Vorpommern
6112;19981001;20000131;2;542.670;131.430;Stralsund-Devin;Mecklenburg-Vorpommern
6129;19990501;20221231;291;510.594;144.266;Sohland/Spree;Sachsen
6157;19990201;20221231;4;536.411;80.809;Wangerland-Hooksiel;Niedersachsen
6158;19990701;20221231;454;492.249;106.085;Weidenbach-Weiherschneidbach;Bayern
6159;19590301;20221231;8;529.542;73.197;Dörpen;Niedersachsen
6163;19991005;20221231;27;541.654;103.519;Dörnick;Schleswig-Holstein
6170;20000201;20221231;39;520.192;147.254;Coschen;Brandenburg
6182;20000401;20120326;404;487.757;121.743;Mallersdorf-Pfaffenberg;Bayern
6186;20000401;20190526;268;501.989;78.651;Nastätten;Rheinland-Pfalz
6196;20000901;20011130;611;501.587;120.386;Selb-Spielberg;Bayern
6197;20001011;20221231;258;518.664;92.710;Lügde-Paenbruch;Nordrhein-Westfalen
6199;20000801;20221231;17;542.484;130.419;Steinhagen-Negast;Mecklenburg-Vorpommern
6217;20010401;20221231;190;492.406;69.351;Saarbrücken-Burbach;Saarland
6219;20010701;20011031;394;488.768;111.043;Dollnstein-Breitenfurt;Bayern
6258;20030101;20221231;461;476.845;94.409;Friedrichshafen-Unterraderach;Baden-Württemberg
6259;20040601;20221231;524;490.210;96.033;Großerlach-Mannenweiler;Baden-Württemberg
6260;20021201;20221231;385;493.328;97.040;Ingelfingen-Stachenhausen;Baden-Württemberg
6262;20021101;20221231;412;487.695;98.737;Schwäbisch Gmünd-Weiler;Baden-Württemberg
6263;20040701;20221231;445;477.738;88.219;Singen;Baden-Württemberg
6264;20040601;20221231;457;514.140;86.500;Brilon-Thülen;Nordrhein-Westfalen
6265;20040501;20221231;36;523.613;123.867;Wusterwitz;Brandenburg
6266;20040901;20221231;112;520.304;109.626;Huy-Pabstorf;Sachsen-Anhalt
6272;20041001;20221231;283;508.426;102.518;Salzungen, Bad-Gräfen-Nitzendorf;Thüringen
6273;20040601;20221231;36;525.075;118.551;Demker;Sachsen-Anhalt
6275;20040701;20221231;327;486.705;94.627;Notzingen;Baden-Württemberg
6304;20021001;20061231;550;493.533;115.053;Pilsach-Litzlohe;Bayern
6305;20041201;20221231;193;512.061;104.978;Mühlhausen/Thüringen-Görmar;Thüringen
6310;20040801;20221231;1;541.049;138.239;Karlshagen;Mecklenburg-Vorpommern
6312;20041101;20200930;362;495.314;106.418;Markt Erlbach-Mosbach;Bayern
6314;19490201;20221231;306;510.507;133.003;Nossen;Sachsen
6336;20051101;20221231;288;500.132;96.540;Lohr/Main-Halsbach;Bayern
6337;20040801;20221231;59;517.663;75.194;Lüdinghausen-Brochtrup;Nordrhein-Westfalen
6344;20041201;20221231;168;503.940;81.423;Runkel-Ennerich;Hessen
6346;20050201;20221231;531;482.070;112.035;Maisach-Galgen;Bayern
6347;20050301;20221231;305;500.579;102.972;Schonungen-Mainberg;Bayern
7075;20050201;20221231;429;487.020;118.493;Elsendorf-Horneck;Bayern
7099;20041101;20211003;187;520.111;103.966;Liebenburg-Othfresen;Niedersachsen
7105;20050601;20221231;719;478.350;126.548;Siegsdorf-Höll;Bayern
7106;20060901;20221231;105;520.714;84.565;Bielefeld-Deppendorf;Nordrhein-Westfalen
7135;19510101;20041231;565;479.655;96.804;Aulendorf-Haslach;Baden-Württemberg
7187;20041201;20221231;194;497.636;94.063;Freudenberg/Main-Boxtal;Baden-Württemberg
7244;19670101;20040930;62;531.424;130.319;Neuglobsow (HM);Brandenburg
7298;20050701;20221231;4;545.268;90.425;Hattstedt;Schleswig-Holstein
7319;20050301;20221231;435;487.374;107.393;Donauwörth-Osterweiler;Bayern
7321;20050901;20221231;160;511.507;113.321;Olbersleben;Thüringen
7329;20051101;20221231;465;505.467;122.863;Treuen;Sachsen
7330;20051001;20221231;159;514.633;79.780;Arnsberg-Neheim;Nordrhein-Westfalen
7331;20050901;20221231;467;486.099;102.674;Hermaringen-Allewind;Baden-Württemberg
7341;20050719;20221231;119;500.900;87.862;Offenbach-Wetterpark;Hessen
7343;20060401;20221231;689;506.200;134.817;Deutschneudorf-Brüderwiese;Sachsen
7350;20060801;20221231;585;491.088;128.231;Prackenbach-Neuhäusl;Bayern
7351;20050908;20221231;115;533.176;134.175;Feldberg/Mecklenburg;Mecklenburg-Vorpommern
7364;20070101;20221231;74;516.818;123.053;Jeßnitz;Sachsen-Anhalt
7367;20071201;20221231;144;519.643;98.072;Alfeld;Niedersachsen
7368;20071101;20221231;312;510.007;103.621;Eisenach;Thüringen
7369;20071101;20221231;475;491.623;103.661;Feuchtwangen-Heilbronn;Bayern
7370;20061211;20221231;499;493.910;126.838;Waldmünchen;Bayern
7373;20060301;20221231;3;535.984;67.024;Borkum-Flugplatz;Niedersachsen
7374;20060301;20221231;46;520.813;69.409;Ahaus;Nordrhein-Westfalen
7389;20061201;20221231;83;527.461;138.427;Heckelberg;Brandenburg
7393;20100101;20221231;116;514.492;142.533;Hoyerswerda;Sachsen
7394;20060601;20221231;622;500.315;119.745;Wunsiedel-Schönbrunn;Bayern
7395;20071201;20221231;351;486.595;125.388;Gottfrieding;Bayern
7396;20080501;20221231;740;505.084;92.246;Hoherodskopf/Vogelsberg;Hessen
7403;20070402;20221231;672;477.955;100.325;Leutkirch-Herlazhofen;Baden-Württemberg
7410;20110201;20221231;350;507.513;90.224;Neu-Ulrichstein;Hessen
7412;20061001;20221231;340;500.083;94.238;Neuhütten/Spessart;Bayern
7419;20061201;20221231;389;506.610;120.756;Langenwetzendorf-Göttendorf;Thüringen
7420;20070401;20221231;246;511.044;117.112;Naumburg/Saale-Kreipitzsch;Sachsen-Anhalt
7424;20061201;20221231;457;477.724;129.073;Piding;Bayern
7427;20070901;20221231;17;540.188;99.255;Padenstedt (Pony-Park);Schleswig-Holstein
7428;20070501;20221231;397;504.167;108.156;Veilsdorf;Thüringen
7431;20071101;20221231;604;480.130;115.524;Oberhaching-Laufzorn;Bayern
7432;20070501;20221231;71;526.423;106.628;Wittingen-Vorhop;Niedersachsen
13670;20070601;20221231;24;515.088;67.018;Duisburg-Baerl;Nordrhein-Westfalen
13674;20070801;20221231;237;492.943;89.053;Waibstadt;Baden-Württemberg
13675;20071101;20221231;75;520.818;94.077;Hameln-Hastenbeck;Niedersachsen
13696;20071201;20221231;60;515.966;74.048;Waltrop-Abdinghof;Nordrhein-Westfalen
13700;20080501;20221231;203;513.329;73.412;Gevelsberg-Oberbröking;Nordrhein-Westfalen
13710;20080401;20221231;490;485.734;122.576;Landshut-Reithof;Bayern
13711;20071201;20221231;289;506.820;115.150;Krölpa-Rockendorf;Thüringen
13713;20071101;20221231;386;510.899;76.289;Meinerzhagen-Redlendorf;Nordrhein-Westfalen
13776;20080301;20101231;85;521.789;99.524;Hildesheim-Drispenstedt;Niedersachsen
13777;20080601;20221231;109;522.467;109.592;Helmstedt-Emmerstedt;Niedersachsen
13876;19220101;19450131;755;507.667;137.333;Altenberg-Raupennest;Sachsen
13886;19370401;19420930;250;507.000;116.000;Pößneck;Thüringen
13904;20080928;20081229;3;550.000;63.333;Nordseeboje 2;Hamburg
13965;20081201;20221231;619;482.639;88.134;Balingen-Bronnhaupten;Baden-Württemberg
14311;19580101;20051231;530;501.500;65.527;Hersdorf-Weißenseifen;Rheinland-Pfalz
15000;20110401;20221231;231;507.983;60.244;Aachen-Orsbach;Nordrhein-Westfalen
15207;20131101;20221231;317;512.835;93.590;Schauenburg-Elgershausen;Hessen
15444;20140901;20221231;593;484.418;99.216;Ulm-Mähringen;Baden-Württemberg
15526;18810101;19351231;29;535.467;99.716;Hamburg (Deutsche Seewarte);Hamburg
15555;20160501;20221231;815;478.761;105.849;Kaufbeuren-Oberbeuren;Bayern
15813;20220301;20230501;40;525.126;74.131;Lingen-Baccum;Niedersachsen
15926;19510101;19551020;370;493.410;121.330;Fronberg (Schwandorf);Bayern
15951;19760401;20040831;280;492.121;75.882;Pirmasens (Kläranlage);Rheinland-Pfalz
15963;19530101;20041130;40;513.258;65.089;St. Tönis;Nordrhein-Westfalen
15964;18810101;19550710;45;513.300;65.600;Krefeld-Mitte;Nordrhein-Westfalen
15965;19690501;19840831;350;503.102;97.838;Brückenau, Bad (Elisabethenhof);Bayern
15979;19480101;19790331;426;499.311;75.153;Sargenroth;Rheinland-Pfalz
16085;19600701;19611231;8;535.874;86.011;Leherheide;Bremen
19087;19570501;19951130;645;488.049;135.528;Freyung vorm Wald;Bayern
19171;20200901;20221231;13;540.039;98.555;Hasenkrug-Hardebek;Schleswig-Holstein
19172;20200901;20221231;48;540.246;93.880;Wacken;Schleswig-Holstein
19207;20230401;20230501;16;538.178;120.645;Gülzow-Prüzen;Mecklenburg-Vorpommern
19318;19461101;19781231;292;507.180;104.310;Schmalkalden;Thüringen
19364;19371201;19771231;720;506.167;108.167;Schmiedefeld/Rennsteig;Thüringen
19378;19580101;19771231;505;508.333;105.833;Finsterbergen;Thüringen
19433;18870101;19611231;316;508.188;103.443;Liebenstein, Bad;Thüringen
19510;19500101;19710106;159;511.000;123.300;Lucka;Thüringen
19579;19710101;20051031;875;478.194;83.348;Bonndorf;Baden-Württemberg
19580;19750101;20051231;471;484.951;94.003;Urach, Bad/Erms;Baden-Württemberg
19581;19740601;20050331;600;486.671;84.700;Enzklösterle/Schwarzwald;Baden-Württemberg
19582;19460101;20001231;754;481.419;84.255;Königsfeld;Baden-Württemberg
19631;19480501;19691231;268;508.083;102.294;Salzungen;Thüringen
19774;19710819;19940228;174;514.814;108.057;Nordhausen (Umspannwerk);Thüringen
